statename,month,year,routed,answered_in_state,abandoned_in_state,asa_in_state,in_state_answer_rate,month_year,AvgTalkTime
AK,4,2022,616,408,155,28S,0.66,Apr 2022,14.7666666666667
AL,4,2022,2357,1447,712,58S,0.61,Apr 2022,12.9833333333333
AR,4,2022,1180,933,209,24S,0.79,Apr 2022,13.2
AZ,4,2022,3010,2707,248,17S,0.9,Apr 2022,9.28333333333333
CA,4,2022,22533,19306,3139,42S,0.86,Apr 2022,12.2833333333333
CO,4,2022,3976,2105,1031,35S,0.53,Apr 2022,13.65
CT,4,2022,2251,1958,252,53S,0.87,Apr 2022,9.65
DC,4,2022,513,456,49,18S,0.89,Apr 2022,8.08333333333333
DE,4,2022,379,260,82,25S,0.69,Apr 2022,8.8
FL,4,2022,8190,4943,1867,31S,0.6,Apr 2022,11.8333333333333
GA,4,2022,4391,2982,1072,26S,0.68,Apr 2022,14.5333333333333
HI,4,2022,937,677,166,34S,0.72,Apr 2022,7.71666666666667
IA,4,2022,1399,982,353,49S,0.7,Apr 2022,10.7833333333333
ID,4,2022,1031,872,130,32S,0.85,Apr 2022,16.0666666666667
IL,4,2022,7046,1331,1913,28S,0.19,Apr 2022,15.25
IN,4,2022,3158,2428,326,17S,0.77,Apr 2022,14.6833333333333
KS,4,2022,1448,1006,203,24S,0.69,Apr 2022,17.3166666666667
KY,4,2022,1926,1353,373,28S,0.7,Apr 2022,13.2333333333333
LA,4,2022,2244,1481,477,27S,0.66,Apr 2022,13.85
MA,4,2022,4425,2780,1362,57S,0.63,Apr 2022,8.73333333333333
MD,4,2022,2979,2549,427,30S,0.86,Apr 2022,12.1666666666667
ME,4,2022,490,315,175,40S,0.64,Apr 2022,10.7166666666667
MI,4,2022,5195,2316,1505,47S,0.45,Apr 2022,11.9166666666667
MN,4,2022,2643,2228,387,53S,0.84,Apr 2022,14.2
MO,4,2022,2792,2320,430,37S,0.83,Apr 2022,14.6
MS,4,2022,920,807,110,22S,0.88,Apr 2022,8.86666666666667
MT,4,2022,561,539,21,13S,0.96,Apr 2022,12.7666666666667
NC,4,2022,4484,2932,532,11S,0.65,Apr 2022,8.15
ND,4,2022,341,308,23,16S,0.9,Apr 2022,10.8666666666667
NE,4,2022,1013,830,151,32S,0.82,Apr 2022,12.75
NH,4,2022,586,458,73,19S,0.78,Apr 2022,11.4166666666667
NJ,4,2022,3949,3045,701,39S,0.77,Apr 2022,14.1666666666667
NM,4,2022,1473,1133,309,52S,0.77,Apr 2022,15.8166666666667
NV,4,2022,1763,1292,324,47S,0.73,Apr 2022,16.5333333333333
NY,4,2022,11904,8031,2100,35S,0.67,Apr 2022,15.8666666666667
OH,4,2022,5356,3696,759,21S,0.69,Apr 2022,12.0833333333333
OK,4,2022,1649,1138,374,43S,0.69,Apr 2022,13.5166666666667
OR,4,2022,3285,2633,469,37S,0.8,Apr 2022,18.5833333333333
PA,4,2022,4586,3914,601,34S,0.85,Apr 2022,12.9166666666667
RI,4,2022,308,305,2,7S,0.99,Apr 2022,10.4833333333333
SC,4,2022,2342,1775,445,30S,0.76,Apr 2022,14.8
SD,4,2022,288,247,36,25S,0.86,Apr 2022,19
TN,4,2022,2943,2454,475,25S,0.83,Apr 2022,9.65
TX,4,2022,12266,5486,2982,26S,0.45,Apr 2022,13.3833333333333
UT,4,2022,2105,1797,206,21S,0.85,Apr 2022,16.0166666666667
VA,4,2022,3966,3320,635,46S,0.84,Apr 2022,12.3833333333333
VT,4,2022,324,266,45,18S,0.82,Apr 2022,16.4333333333333
WA,4,2022,4339,2870,1081,33S,0.66,Apr 2022,11.9166666666667
WI,4,2022,4590,3801,696,29S,0.83,Apr 2022,16.4333333333333
WV,4,2022,807,729,76,21S,0.9,Apr 2022,17.0833333333333
WY,4,2022,241,180,18,14S,0.75,Apr 2022,16.6
AK,4,2023,1172,779,176,19S,0.66,Apr 2023,17.5666666666667
AL,4,2023,2370,1266,476,19S,0.53,Apr 2023,11.6166666666667
AR,4,2023,1527,1070,226,31S,0.7,Apr 2023,9.36666666666667
AZ,4,2023,5740,5032,567,19S,0.88,Apr 2023,11.55
CA,4,2023,27936,25166,2664,32S,0.9,Apr 2023,12.4666666666667
CO,4,2023,5211,4022,522,22S,0.77,Apr 2023,15.2333333333333
CT,4,2023,3664,3427,191,13S,0.94,Apr 2023,7.73333333333333
DC,4,2023,796,506,163,46S,0.64,Apr 2023,12.1333333333333
DE,4,2023,383,280,51,20S,0.73,Apr 2023,7.63333333333333
FL,4,2023,10737,7857,2049,42S,0.73,Apr 2023,14.5
GA,4,2023,5825,4982,626,21S,0.86,Apr 2023,11.8333333333333
HI,4,2023,1112,971,103,11S,0.87,Apr 2023,9.06666666666667
IA,4,2023,1872,1633,221,30S,0.87,Apr 2023,11.95
ID,4,2023,1294,995,234,26S,0.77,Apr 2023,13.3
IL,4,2023,11182,9746,948,30S,0.87,Apr 2023,20.55
IN,4,2023,3578,3411,156,14S,0.95,Apr 2023,15.7666666666667
KS,4,2023,1842,1688,134,22S,0.92,Apr 2023,14.2166666666667
KY,4,2023,2281,1807,296,26S,0.79,Apr 2023,16.3166666666667
LA,4,2023,2355,2041,290,31S,0.87,Apr 2023,16.8
MA,4,2023,5043,4455,549,32S,0.88,Apr 2023,10.4833333333333
MD,4,2023,4260,3829,418,30S,0.9,Apr 2023,13.1333333333333
ME,4,2023,620,518,74,30S,0.84,Apr 2023,10.5333333333333
MI,4,2023,6228,5382,633,26S,0.86,Apr 2023,11.4166666666667
MN,4,2023,3871,3293,431,36S,0.85,Apr 2023,12.9166666666667
MO,4,2023,4607,4296,291,17S,0.93,Apr 2023,12.3
MS,4,2023,1168,1137,19,6S,0.97,Apr 2023,8.08333333333333
MT,4,2023,762,723,38,11S,0.95,Apr 2023,12.7666666666667
NC,4,2023,5178,4314,578,19S,0.83,Apr 2023,10
ND,4,2023,440,398,19,9S,0.9,Apr 2023,11.6
NE,4,2023,1709,1532,117,20S,0.9,Apr 2023,15.0666666666667
NH,4,2023,1134,1011,117,28S,0.89,Apr 2023,15.6666666666667
NJ,4,2023,4716,3892,571,27S,0.83,Apr 2023,13.45
NM,4,2023,1948,1525,195,20S,0.78,Apr 2023,17.1333333333333
NV,4,2023,2866,2051,418,25S,0.72,Apr 2023,14.8666666666667
NY,4,2023,14693,12480,1468,27S,0.85,Apr 2023,15.4166666666667
OH,4,2023,7041,6199,741,27S,0.88,Apr 2023,13.55
OK,4,2023,3374,3119,215,18S,0.92,Apr 2023,11.1833333333333
OR,4,2023,4097,3662,308,27S,0.89,Apr 2023,16.9166666666667
PA,4,2023,7090,5568,1184,43S,0.79,Apr 2023,12.3
RI,4,2023,615,606,8,1S,0.99,Apr 2023,15.8666666666667
SC,4,2023,3087,1922,380,20S,0.62,Apr 2023,15.3666666666667
SD,4,2023,655,564,57,13S,0.86,Apr 2023,16.1833333333333
TN,4,2023,3442,3007,418,34S,0.87,Apr 2023,11.55
TX,4,2023,14074,10503,1679,25S,0.75,Apr 2023,14.4333333333333
UT,4,2023,2864,2621,161,14S,0.92,Apr 2023,14.9666666666667
VA,4,2023,5671,5239,415,20S,0.92,Apr 2023,12.6166666666667
VT,4,2023,710,530,69,16S,0.75,Apr 2023,16.1666666666667
WA,4,2023,6190,5390,463,22S,0.87,Apr 2023,11.7333333333333
WI,4,2023,6779,5182,860,32S,0.76,Apr 2023,14.1833333333333
WV,4,2023,1031,948,48,17S,0.92,Apr 2023,16.9833333333333
WY,4,2023,410,341,50,18S,0.83,Apr 2023,14.5666666666667
AK,4,2024,1339,920,230,27S,0.69,Apr 2024,15.3333333333333
AL,4,2024,2923,2152,492,31S,0.74,Apr 2024,9.88333333333333
AR,4,2024,2312,1723,262,30S,0.75,Apr 2024,13.9333333333333
AZ,4,2024,6626,5891,551,19S,0.89,Apr 2024,12.75
CA,4,2024,34986,29743,4219,32S,0.85,Apr 2024,12.2166666666667
CO,4,2024,9880,7375,833,23S,0.75,Apr 2024,14.6833333333333
CT,4,2024,4396,3956,255,13S,0.9,Apr 2024,11.9
DC,4,2024,1020,867,92,20S,0.85,Apr 2024,9.06666666666667
DE,4,2024,523,409,62,19S,0.78,Apr 2024,6.73333333333333
FL,4,2024,14670,11794,1915,31S,0.8,Apr 2024,14.35
GA,4,2024,8535,6981,962,23S,0.82,Apr 2024,12.35
HI,4,2024,1808,1326,295,25S,0.73,Apr 2024,11.2333333333333
IA,4,2024,2389,2068,290,32S,0.87,Apr 2024,11.3166666666667
ID,4,2024,1372,1207,105,20S,0.88,Apr 2024,18.1333333333333
IL,4,2024,14026,10341,1516,30S,0.74,Apr 2024,18.1333333333333
IN,4,2024,7950,7467,412,17S,0.94,Apr 2024,15.7666666666667
KS,4,2024,2598,2281,252,21S,0.88,Apr 2024,13.0166666666667
KY,4,2024,3163,2675,416,25S,0.85,Apr 2024,13.6666666666667
LA,4,2024,3573,3179,350,19S,0.89,Apr 2024,12.9833333333333
MA,4,2024,6251,5411,667,29S,0.87,Apr 2024,9.83333333333333
MD,4,2024,7161,6470,593,22S,0.9,Apr 2024,13.5833333333333
ME,4,2024,1747,1610,98,18S,0.92,Apr 2024,7.25
MI,4,2024,9851,8892,808,17S,0.9,Apr 2024,10.6666666666667
MN,4,2024,5031,4499,318,18S,0.89,Apr 2024,13.15
MO,4,2024,6761,6340,364,14S,0.94,Apr 2024,12.7
MS,4,2024,1448,1419,23,1S,0.98,Apr 2024,6.63333333333333
MT,4,2024,1022,980,38,6S,0.96,Apr 2024,12.6333333333333
NC,4,2024,7699,6263,993,23S,0.81,Apr 2024,11.1
ND,4,2024,727,657,38,9S,0.9,Apr 2024,10.4666666666667
NE,4,2024,2232,1939,151,20S,0.87,Apr 2024,15.6166666666667
NH,4,2024,1120,925,113,29S,0.83,Apr 2024,14.9833333333333
NJ,4,2024,7543,5617,835,28S,0.74,Apr 2024,13.7166666666667
NM,4,2024,2869,2544,234,18S,0.89,Apr 2024,13.7666666666667
NV,4,2024,3648,2474,509,21S,0.68,Apr 2024,15.7166666666667
NY,4,2024,32953,28868,3404,45S,0.88,Apr 2024,14.6166666666667
OH,4,2024,9589,8636,893,23S,0.9,Apr 2024,13.4666666666667
OK,4,2024,5317,4691,465,23S,0.88,Apr 2024,11.2166666666667
OR,4,2024,5199,4182,515,26S,0.8,Apr 2024,16.8833333333333
PA,4,2024,9364,8374,806,21S,0.89,Apr 2024,11.45
RI,4,2024,933,915,5,1S,0.98,Apr 2024,15.0833333333333
SC,4,2024,3729,3028,373,32S,0.81,Apr 2024,14.7666666666667
SD,4,2024,893,769,52,13S,0.86,Apr 2024,12.45
TN,4,2024,4418,3915,476,26S,0.89,Apr 2024,12.15
TX,4,2024,18488,15574,2440,33S,0.84,Apr 2024,14.4833333333333
UT,4,2024,3296,3100,144,13S,0.94,Apr 2024,15.9666666666667
VA,4,2024,10266,8892,1060,33S,0.87,Apr 2024,13.75
VT,4,2024,896,718,78,15S,0.8,Apr 2024,14.6166666666667
WA,4,2024,8608,7703,667,22S,0.89,Apr 2024,13.1833333333333
WI,4,2024,6374,4887,564,23S,0.77,Apr 2024,14.35
WV,4,2024,1969,1770,95,15S,0.9,Apr 2024,14.4166666666667
WY,4,2024,555,502,20,14S,0.9,Apr 2024,14.7166666666667
AK,8,2021,639,387,180,39S,0.61,Aug 2021,14.7833333333333
AL,8,2021,2264,1366,701,50S,0.6,Aug 2021,11.4333333333333
AR,8,2021,1245,949,235,32S,0.76,Aug 2021,13.4166666666667
AZ,8,2021,3396,3117,224,16S,0.92,Aug 2021,9.73333333333333
CA,8,2021,22726,19938,2699,36S,0.88,Aug 2021,13.3333333333333
CO,8,2021,4244,2620,937,55S,0.62,Aug 2021,15.0166666666667
CT,8,2021,1561,881,438,58S,0.56,Aug 2021,13.1
DC,8,2021,533,496,29,17S,0.93,Aug 2021,8.03333333333333
DE,8,2021,393,289,67,25S,0.74,Aug 2021,10.7166666666667
FL,8,2021,8243,6328,1521,44S,0.77,Aug 2021,11.85
GA,8,2021,4524,3374,847,27S,0.75,Aug 2021,15.5833333333333
HI,8,2021,744,647,59,15S,0.87,Aug 2021,11.1833333333333
IA,8,2021,1378,906,366,55S,0.66,Aug 2021,12.4166666666667
ID,8,2021,1034,868,72,16S,0.84,Aug 2021,15.75
IL,8,2021,7230,1327,1688,27S,0.18,Aug 2021,13.5
IN,8,2021,3324,2084,856,19S,0.63,Aug 2021,14.8833333333333
KS,8,2021,1469,1037,192,18S,0.71,Aug 2021,15.0333333333333
KY,8,2021,1981,1510,320,23S,0.76,Aug 2021,15.1333333333333
LA,8,2021,1967,997,483,40S,0.51,Aug 2021,14.5166666666667
MA,8,2021,3746,2761,774,1M 2S,0.74,Aug 2021,9.85
MD,8,2021,3052,2534,511,45S,0.83,Aug 2021,12.7333333333333
ME,8,2021,419,339,79,40S,0.81,Aug 2021,10.3333333333333
MI,8,2021,4996,3195,1071,41S,0.64,Aug 2021,11.6
MN,8,2021,2911,1341,773,41S,0.46,Aug 2021,16.9166666666667
MO,8,2021,2952,2291,560,51S,0.78,Aug 2021,15.1333333333333
MS,8,2021,1059,940,97,18S,0.89,Aug 2021,7.86666666666667
MT,8,2021,607,533,67,31S,0.88,Aug 2021,11.35
NC,8,2021,4828,3562,584,21S,0.74,Aug 2021,8.38333333333333
ND,8,2021,367,331,17,30S,0.9,Aug 2021,13.0333333333333
NE,8,2021,956,728,178,43S,0.76,Aug 2021,11.8666666666667
NH,8,2021,591,443,64,20S,0.75,Aug 2021,12.1333333333333
NJ,8,2021,3762,2866,754,40S,0.76,Aug 2021,13.3
NM,8,2021,1383,1085,263,48S,0.78,Aug 2021,16.4833333333333
NV,8,2021,1624,1169,357,45S,0.72,Aug 2021,12.55
NY,8,2021,11565,7629,1971,32S,0.66,Aug 2021,15.5833333333333
OH,8,2021,5042,3139,628,19S,0.62,Aug 2021,11.4166666666667
OK,8,2021,1683,1218,371,44S,0.72,Aug 2021,15.6833333333333
OR,8,2021,3212,2281,639,39S,0.71,Aug 2021,16.85
PA,8,2021,4930,4007,768,32S,0.81,Aug 2021,12.2833333333333
RI,8,2021,371,360,11,7S,0.97,Aug 2021,10.5
SC,8,2021,2316,1640,327,30S,0.71,Aug 2021,14.45
SD,8,2021,293,257,32,27S,0.88,Aug 2021,16.45
TN,8,2021,2648,2026,487,28S,0.77,Aug 2021,9.25
TX,8,2021,13751,5580,2547,22S,0.41,Aug 2021,12.1
UT,8,2021,2173,1499,367,26S,0.69,Aug 2021,17.1833333333333
VA,8,2021,4486,2994,1215,1M 19S,0.67,Aug 2021,10.9833333333333
VT,8,2021,344,298,18,21S,0.87,Aug 2021,15.55
WA,8,2021,4267,3174,731,33S,0.74,Aug 2021,10.5
WI,8,2021,3298,3041,234,21S,0.92,Aug 2021,14.1166666666667
WV,8,2021,1124,1020,100,25S,0.91,Aug 2021,12.9
WY,8,2021,212,78,40,13S,0.37,Aug 2021,13.6
AK,8,2022,703,541,86,27S,0.81,Aug 2022,12.3833333333333
AL,8,2022,2925,1981,596,45S,0.71,Aug 2022,12.05
AR,8,2022,1629,1050,327,26S,0.67,Aug 2022,10.15
AZ,8,2022,4846,4180,194,18S,0.94,Aug 2022,11.2666666666667
CA,8,2022,30681,25888,3173,36S,0.89,Aug 2022,11.2666666666667
CO,8,2022,5239,4314,450,26S,0.86,Aug 2022,12.95
CT,8,2022,2181,2061,93,24S,0.95,Aug 2022,12.1333333333333
DC,8,2022,780,700,20,17S,0.93,Aug 2022,8.85
DE,8,2022,493,355,39,24S,0.76,Aug 2022,7.66666666666667
FL,8,2022,12304,6609,2484,57S,0.58,Aug 2022,10.3833333333333
GA,8,2022,7251,5967,668,20S,0.88,Aug 2022,10.8333333333333
HI,8,2022,1661,1401,76,19S,0.92,Aug 2022,7.8
IA,8,2022,1787,1595,79,31S,0.93,Aug 2022,10.0333333333333
ID,8,2022,1202,1012,90,29S,0.88,Aug 2022,12.6
IL,8,2022,12801,10489,1203,33S,0.85,Aug 2022,15.3666666666667
IN,8,2022,3643,2922,122,18S,0.83,Aug 2022,11.7833333333333
KS,8,2022,2258,1812,206,23S,0.85,Aug 2022,13.3333333333333
KY,8,2022,2595,1974,276,33S,0.81,Aug 2022,12.4166666666667
LA,8,2022,2882,2340,215,26S,0.91,Aug 2022,12.9833333333333
MA,8,2022,4939,4046,598,42S,0.86,Aug 2022,10.8166666666667
MD,8,2022,4159,3420,556,30S,0.86,Aug 2022,11.85
ME,8,2022,12936,12616,88,3S,0.99,Aug 2022,0
MI,8,2022,6898,5383,854,31S,0.82,Aug 2022,11.0166666666667
MN,8,2022,3777,3173,332,42S,0.89,Aug 2022,13.3833333333333
MO,8,2022,4078,3580,295,29S,0.92,Aug 2022,14.15
MS,8,2022,1491,1278,102,19S,0.92,Aug 2022,6.86666666666667
MT,8,2022,739,714,10,13S,0.99,Aug 2022,13.2333333333333
NC,8,2022,6293,5107,510,21S,0.89,Aug 2022,9.61666666666667
ND,8,2022,363,338,3,15S,0.96,Aug 2022,10.45
NE,8,2022,1607,1409,99,25S,0.91,Aug 2022,12.8333333333333
NH,8,2022,1081,896,141,33S,0.86,Aug 2022,18.4333333333333
NJ,8,2022,5369,4072,625,31S,0.8,Aug 2022,11.9
NM,8,2022,2645,2156,223,27S,0.9,Aug 2022,13.65
NV,8,2022,2428,1840,227,28S,0.84,Aug 2022,15.9
NY,8,2022,16964,13230,1569,27S,0.82,Aug 2022,12.9166666666667
OH,8,2022,8048,6725,637,21S,0.86,Aug 2022,10.55
OK,8,2022,2998,2642,142,26S,0.93,Aug 2022,10.6333333333333
OR,8,2022,4322,3776,359,33S,0.9,Aug 2022,16.6166666666667
PA,8,2022,6793,5547,679,32S,0.86,Aug 2022,11.1
RI,8,2022,483,472,0,7S,1,Aug 2022,10.2
SC,8,2022,3804,2506,559,30S,0.7,Aug 2022,11.5833333333333
SD,8,2022,429,380,24,20S,0.93,Aug 2022,17.8333333333333
TN,8,2022,4234,3152,483,27S,0.86,Aug 2022,8.31666666666667
TX,8,2022,15308,9787,977,23S,0.67,Aug 2022,12.3333333333333
UT,8,2022,2961,2441,204,22S,0.86,Aug 2022,14.3333333333333
VA,8,2022,7221,5766,980,32S,0.85,Aug 2022,9.21666666666667
VT,8,2022,671,557,17,20S,0.89,Aug 2022,14.5166666666667
WA,8,2022,6011,5193,481,26S,0.9,Aug 2022,12.5833333333333
WI,8,2022,6217,4616,530,25S,0.78,Aug 2022,15.1166666666667
WV,8,2022,1007,876,83,21S,0.91,Aug 2022,18.2833333333333
WY,8,2022,439,353,47,15S,0.85,Aug 2022,12.1833333333333
AK,8,2023,919,618,110,21S,0.67,Aug 2023,15.6666666666667
AL,8,2023,2409,1650,383,32S,0.68,Aug 2023,12.7
AR,8,2023,1646,1026,294,27S,0.62,Aug 2023,13.2666666666667
AZ,8,2023,6369,5622,624,20S,0.88,Aug 2023,11.4
CA,8,2023,30099,26775,3199,30S,0.89,Aug 2023,12.6666666666667
CO,8,2023,7293,6186,715,14S,0.85,Aug 2023,14.95
CT,8,2023,3927,3550,258,16S,0.9,Aug 2023,9.71666666666667
DC,8,2023,835,558,141,31S,0.67,Aug 2023,11.25
DE,8,2023,414,285,34,19S,0.69,Aug 2023,11.0333333333333
FL,8,2023,11628,8638,2005,36S,0.74,Aug 2023,15.7833333333333
GA,8,2023,6329,5365,813,24S,0.85,Aug 2023,11.2666666666667
HI,8,2023,1783,1588,174,10S,0.89,Aug 2023,8.3
IA,8,2023,1900,1616,248,35S,0.85,Aug 2023,14.1333333333333
ID,8,2023,1260,1043,116,22S,0.83,Aug 2023,14.8
IL,8,2023,12941,10197,1522,32S,0.79,Aug 2023,21.8333333333333
IN,8,2023,4361,3901,383,21S,0.89,Aug 2023,18.4333333333333
KS,8,2023,1867,1659,189,21S,0.89,Aug 2023,14.7333333333333
KY,8,2023,2587,2124,300,20S,0.82,Aug 2023,13.1166666666667
LA,8,2023,2839,2367,421,30S,0.83,Aug 2023,15.4833333333333
MA,8,2023,6633,5876,711,30S,0.89,Aug 2023,9.06666666666667
MD,8,2023,5291,4677,566,29S,0.88,Aug 2023,13.5
ME,8,2023,737,617,80,30S,0.84,Aug 2023,10.4833333333333
MI,8,2023,7664,6586,968,23S,0.86,Aug 2023,11.0666666666667
MN,8,2023,4065,3592,369,22S,0.88,Aug 2023,13.4833333333333
MO,8,2023,5035,4684,331,14S,0.93,Aug 2023,12.9833333333333
MS,8,2023,1235,1209,23,1S,0.98,Aug 2023,9
MT,8,2023,806,770,32,8S,0.96,Aug 2023,12.0666666666667
NC,8,2023,6039,5257,638,17S,0.87,Aug 2023,13.35
ND,8,2023,580,493,30,10S,0.85,Aug 2023,10.8666666666667
NE,8,2023,1710,1513,125,20S,0.88,Aug 2023,17.4166666666667
NH,8,2023,1137,978,140,28S,0.86,Aug 2023,12.2666666666667
NJ,8,2023,4953,4054,647,28S,0.82,Aug 2023,13.2333333333333
NM,8,2023,2211,1948,202,16S,0.88,Aug 2023,15.8833333333333
NV,8,2023,3529,2338,410,25S,0.66,Aug 2023,17.65
NY,8,2023,18324,15516,1913,28S,0.85,Aug 2023,14.3833333333333
OH,8,2023,7189,6330,831,29S,0.88,Aug 2023,13.9333333333333
OK,8,2023,4468,4009,395,21S,0.9,Aug 2023,11.75
OR,8,2023,4627,4007,420,28S,0.87,Aug 2023,15.6833333333333
PA,8,2023,7679,6226,1204,36S,0.81,Aug 2023,12.0333333333333
RI,8,2023,623,613,8,2S,0.98,Aug 2023,14.5833333333333
SC,8,2023,3468,2674,366,30S,0.77,Aug 2023,14.6666666666667
SD,8,2023,814,714,53,13S,0.88,Aug 2023,15.2166666666667
TN,8,2023,4069,3585,439,26S,0.88,Aug 2023,10.7833333333333
TX,8,2023,14881,12431,1820,27S,0.84,Aug 2023,15.0666666666667
UT,8,2023,3078,2747,185,15S,0.89,Aug 2023,15.45
VA,8,2023,6075,5540,524,22S,0.91,Aug 2023,11.6666666666667
VT,8,2023,787,659,38,14S,0.84,Aug 2023,16.5
WA,8,2023,7005,5881,702,23S,0.84,Aug 2023,11.15
WI,8,2023,6097,4702,659,24S,0.77,Aug 2023,15.4333333333333
WV,8,2023,1163,1042,84,16S,0.9,Aug 2023,20.2333333333333
WY,8,2023,428,392,19,6S,0.92,Aug 2023,16.75
AK,12,2021,618,327,182,34S,0.53,Dec 2021,13.1833333333333
AL,12,2021,2218,1299,730,55S,0.59,Dec 2021,13.0666666666667
AR,12,2021,1265,935,264,30S,0.74,Dec 2021,11.4333333333333
AZ,12,2021,3171,2875,247,16S,0.91,Dec 2021,9.68333333333333
CA,12,2021,22378,19334,2978,44S,0.86,Dec 2021,12.7666666666667
CO,12,2021,3945,2524,896,39S,0.64,Dec 2021,15.3833333333333
CT,12,2021,1865,1023,539,1M 3S,0.55,Dec 2021,11.6833333333333
DC,12,2021,616,569,34,18S,0.92,Dec 2021,6.86666666666667
DE,12,2021,335,257,51,24S,0.77,Dec 2021,9.76666666666667
FL,12,2021,8415,5915,1864,42S,0.7,Dec 2021,12.2166666666667
GA,12,2021,4747,3089,1230,26S,0.65,Dec 2021,16.2666666666667
HI,12,2021,858,631,171,30S,0.74,Dec 2021,9.33333333333333
IA,12,2021,1269,891,300,52S,0.7,Dec 2021,12.1833333333333
ID,12,2021,1066,895,94,17S,0.84,Dec 2021,16.05
IL,12,2021,7179,1372,1931,23S,0.19,Dec 2021,14.55
IN,12,2021,3350,2468,520,21S,0.74,Dec 2021,12.3666666666667
KS,12,2021,1431,1180,133,18S,0.82,Dec 2021,15.4
KY,12,2021,1947,1411,356,28S,0.72,Dec 2021,14.2333333333333
LA,12,2021,2111,1366,422,25S,0.65,Dec 2021,16.8333333333333
MA,12,2021,5066,3706,1123,48S,0.73,Dec 2021,7.93333333333333
MD,12,2021,2877,2377,497,44S,0.83,Dec 2021,13.2166666666667
ME,12,2021,412,330,81,42S,0.8,Dec 2021,10.4166666666667
MI,12,2021,5529,3575,1296,41S,0.65,Dec 2021,12.0833333333333
MN,12,2021,2702,1431,662,34S,0.53,Dec 2021,14.6166666666667
MO,12,2021,2975,2453,447,34S,0.82,Dec 2021,13.9333333333333
MS,12,2021,973,888,68,18S,0.91,Dec 2021,8.85
MT,12,2021,824,793,28,13S,0.96,Dec 2021,10.8833333333333
NC,12,2021,4688,4240,377,21S,0.9,Dec 2021,8.01666666666667
ND,12,2021,407,371,31,15S,0.91,Dec 2021,10.2
NE,12,2021,1008,796,174,34S,0.79,Dec 2021,12.5833333333333
NH,12,2021,650,528,56,19S,0.81,Dec 2021,8.61666666666667
NJ,12,2021,3831,3017,622,40S,0.79,Dec 2021,13.8833333333333
NM,12,2021,1369,1020,296,56S,0.75,Dec 2021,17.1
NV,12,2021,1848,1338,378,43S,0.72,Dec 2021,15.5833333333333
NY,12,2021,12356,7381,2391,32S,0.6,Dec 2021,14.7166666666667
OH,12,2021,5247,2913,925,21S,0.56,Dec 2021,11.85
OK,12,2021,1659,1207,368,41S,0.73,Dec 2021,14.6166666666667
OR,12,2021,3421,2426,692,34S,0.71,Dec 2021,17.15
PA,12,2021,4740,3909,712,34S,0.82,Dec 2021,13.3666666666667
RI,12,2021,313,307,5,8S,0.98,Dec 2021,8.15
SC,12,2021,2349,1784,440,27S,0.76,Dec 2021,14.9666666666667
SD,12,2021,282,249,30,21S,0.88,Dec 2021,16.3333333333333
TN,12,2021,2907,2439,453,24S,0.84,Dec 2021,9.51666666666667
TX,12,2021,12994,5043,2999,23S,0.39,Dec 2021,14.6333333333333
UT,12,2021,1955,1466,250,26S,0.75,Dec 2021,16.6166666666667
VA,12,2021,4372,3368,916,59S,0.77,Dec 2021,10.6
VT,12,2021,327,291,19,18S,0.89,Dec 2021,14.8666666666667
WA,12,2021,4609,3245,950,32S,0.7,Dec 2021,12.1833333333333
WI,12,2021,3996,3401,521,24S,0.85,Dec 2021,17.6833333333333
WV,12,2021,745,663,78,24S,0.89,Dec 2021,18.3666666666667
WY,12,2021,363,166,60,12S,0.46,Dec 2021,15.8
AK,12,2022,987,666,128,17S,0.67,Dec 2022,15.2166666666667
AL,12,2022,2603,1329,610,35S,0.51,Dec 2022,12.3166666666667
AR,12,2022,1390,1144,132,20S,0.82,Dec 2022,11.1666666666667
AZ,12,2022,4822,4196,509,19S,0.87,Dec 2022,11.9333333333333
CA,12,2022,26949,23670,3191,37S,0.88,Dec 2022,12.5333333333333
CO,12,2022,4990,3786,578,22S,0.76,Dec 2022,15.1
CT,12,2022,3022,2845,132,13S,0.94,Dec 2022,9.6
DC,12,2022,796,740,36,10S,0.93,Dec 2022,9.8
DE,12,2022,427,322,34,19S,0.75,Dec 2022,7.25
FL,12,2022,9958,6322,1797,38S,0.63,Dec 2022,13.7333333333333
GA,12,2022,6402,5199,663,15S,0.81,Dec 2022,11.4666666666667
HI,12,2022,1167,1105,41,9S,0.95,Dec 2022,9
IA,12,2022,1768,1544,151,16S,0.87,Dec 2022,10.1666666666667
ID,12,2022,1137,856,102,27S,0.75,Dec 2022,13.3666666666667
IL,12,2022,11028,8388,1213,33S,0.76,Dec 2022,18.7
IN,12,2022,3381,3152,209,15S,0.93,Dec 2022,16.5666666666667
KS,12,2022,1745,1593,138,20S,0.91,Dec 2022,15.65
KY,12,2022,2431,1821,352,24S,0.75,Dec 2022,15.4166666666667
LA,12,2022,2671,2356,288,22S,0.88,Dec 2022,15.3166666666667
MA,12,2022,5232,4488,675,34S,0.86,Dec 2022,10.55
MD,12,2022,4379,3807,558,34S,0.87,Dec 2022,13.0833333333333
ME,12,2022,662,574,56,26S,0.87,Dec 2022,11.2833333333333
MI,12,2022,6466,5596,596,25S,0.87,Dec 2022,11.45
MN,12,2022,3660,3197,359,30S,0.87,Dec 2022,13.25
MO,12,2022,4058,3688,353,23S,0.91,Dec 2022,14.4333333333333
MS,12,2022,1123,1104,18,3S,0.98,Dec 2022,8.31666666666667
MT,12,2022,767,741,25,10S,0.97,Dec 2022,10.8666666666667
NC,12,2022,5422,4254,557,20S,0.78,Dec 2022,9.58333333333333
ND,12,2022,393,351,23,10S,0.89,Dec 2022,10.45
NE,12,2022,1540,1348,122,21S,0.88,Dec 2022,15.4833333333333
NH,12,2022,936,830,105,32S,0.89,Dec 2022,17.3
NJ,12,2022,4974,3517,737,30S,0.71,Dec 2022,13.9666666666667
NM,12,2022,1989,1616,228,25S,0.81,Dec 2022,18.2666666666667
NV,12,2022,2505,1622,411,26S,0.65,Dec 2022,17.8
NY,12,2022,14955,11692,1629,28S,0.78,Dec 2022,14.7833333333333
OH,12,2022,7066,6372,550,16S,0.9,Dec 2022,12.9
OK,12,2022,2964,2702,225,20S,0.91,Dec 2022,11.6
OR,12,2022,4095,3626,284,25S,0.89,Dec 2022,17.8
PA,12,2022,5984,4935,683,26S,0.82,Dec 2022,11.8333333333333
RI,12,2022,480,468,5,2S,0.98,Dec 2022,16.5666666666667
SC,12,2022,2969,1712,427,20S,0.58,Dec 2022,16.1
SD,12,2022,569,501,43,13S,0.88,Dec 2022,18.1666666666667
TN,12,2022,3296,2968,316,22S,0.9,Dec 2022,10.4166666666667
TX,12,2022,14108,9478,1322,20S,0.67,Dec 2022,14.4166666666667
UT,12,2022,2692,2328,183,15S,0.86,Dec 2022,15.9833333333333
VA,12,2022,5716,5110,592,20S,0.89,Dec 2022,13.2833333333333
VT,12,2022,605,503,36,17S,0.83,Dec 2022,17.55
WA,12,2022,5692,4966,412,21S,0.87,Dec 2022,12.5166666666667
WI,12,2022,5968,4521,606,23S,0.76,Dec 2022,14.7333333333333
WV,12,2022,983,883,58,15S,0.9,Dec 2022,21.0166666666667
WY,12,2022,564,351,30,11S,0.62,Dec 2022,15.7166666666667
AK,12,2023,942,606,121,22S,0.64,Dec 2023,17.7
AL,12,2023,2834,1727,482,36S,0.61,Dec 2023,12.75
AR,12,2023,1544,717,110,19S,0.46,Dec 2023,12.4333333333333
AZ,12,2023,6495,5545,794,20S,0.85,Dec 2023,12.3333333333333
CA,12,2023,29893,25025,3860,39S,0.84,Dec 2023,12.3
CO,12,2023,8044,6685,837,15S,0.83,Dec 2023,14.3166666666667
CT,12,2023,3847,3400,295,14S,0.88,Dec 2023,12.15
DC,12,2023,897,731,97,21S,0.81,Dec 2023,10.1833333333333
DE,12,2023,432,290,52,19S,0.67,Dec 2023,9.58333333333333
FL,12,2023,12486,9780,1758,34S,0.78,Dec 2023,15.2666666666667
GA,12,2023,6233,5278,778,20S,0.85,Dec 2023,12.0666666666667
HI,12,2023,1670,1222,271,30S,0.73,Dec 2023,10.5
IA,12,2023,2055,1756,266,35S,0.85,Dec 2023,12.6666666666667
ID,12,2023,1217,1014,124,21S,0.83,Dec 2023,17.45
IL,12,2023,13734,10521,1383,32S,0.77,Dec 2023,22.05
IN,12,2023,5430,5008,345,19S,0.92,Dec 2023,18.0666666666667
KS,12,2023,2284,2064,194,21S,0.9,Dec 2023,13.55
KY,12,2023,2684,2223,384,25S,0.83,Dec 2023,15.3
LA,12,2023,2661,2362,269,19S,0.89,Dec 2023,14.75
MA,12,2023,5537,4895,538,31S,0.88,Dec 2023,9.65
MD,12,2023,6584,5945,577,25S,0.9,Dec 2023,13.3833333333333
ME,12,2023,1132,1029,67,16S,0.91,Dec 2023,9.71666666666667
MI,12,2023,7592,6781,687,17S,0.89,Dec 2023,11.4833333333333
MN,12,2023,4178,3681,354,19S,0.88,Dec 2023,13.95
MO,12,2023,5864,5481,352,17S,0.93,Dec 2023,13.15
MS,12,2023,1240,1217,21,1S,0.98,Dec 2023,7.41666666666667
MT,12,2023,824,798,26,6S,0.97,Dec 2023,11.6833333333333
NC,12,2023,5762,4901,669,19S,0.85,Dec 2023,12.6666666666667
ND,12,2023,579,527,24,10S,0.91,Dec 2023,10.1166666666667
NE,12,2023,1863,1643,120,20S,0.88,Dec 2023,15.9333333333333
NH,12,2023,1022,838,117,28S,0.82,Dec 2023,13.1
NJ,12,2023,6481,4811,805,28S,0.74,Dec 2023,14.65
NM,12,2023,2527,2153,234,18S,0.85,Dec 2023,14.1333333333333
NV,12,2023,3012,2200,385,21S,0.73,Dec 2023,17.2333333333333
NY,12,2023,29093,25811,2597,37S,0.89,Dec 2023,16.05
OH,12,2023,8091,7209,813,26S,0.89,Dec 2023,14.1333333333333
OK,12,2023,4849,4403,389,21S,0.91,Dec 2023,11.55
OR,12,2023,4776,3526,558,28S,0.74,Dec 2023,16.4166666666667
PA,12,2023,7624,6818,631,21S,0.89,Dec 2023,12.3666666666667
RI,12,2023,580,563,7,1S,0.97,Dec 2023,14.7166666666667
SC,12,2023,3687,2655,471,30S,0.72,Dec 2023,15.5333333333333
SD,12,2023,786,672,58,12S,0.85,Dec 2023,14.8166666666667
TN,12,2023,3754,3240,485,26S,0.86,Dec 2023,12.7833333333333
TX,12,2023,14961,12840,1734,29S,0.86,Dec 2023,14.3666666666667
UT,12,2023,2991,2752,148,13S,0.92,Dec 2023,16.1833333333333
VA,12,2023,7742,6841,759,33S,0.88,Dec 2023,12.0166666666667
VT,12,2023,966,834,63,15S,0.86,Dec 2023,15.2166666666667
WA,12,2023,7423,6732,533,22S,0.91,Dec 2023,12.4333333333333
WI,12,2023,6876,5227,620,27S,0.76,Dec 2023,16.3
WV,12,2023,1519,1374,104,15S,0.9,Dec 2023,19.05
WY,12,2023,552,527,11,8S,0.95,Dec 2023,15.95
AK,2,2022,561,296,188,32S,0.53,Feb 2022,15.5666666666667
AL,2,2022,2020,1287,580,58S,0.64,Feb 2022,12.3833333333333
AR,2,2022,1031,833,170,25S,0.81,Feb 2022,11.95
AZ,2,2022,3095,2793,252,17S,0.9,Feb 2022,9.73333333333333
CA,2,2022,21886,18634,3143,43S,0.85,Feb 2022,12.5
CO,2,2022,3812,2099,996,42S,0.55,Feb 2022,14.45
CT,2,2022,1703,1145,367,1M 3S,0.67,Feb 2022,11.75
DC,2,2022,647,587,42,18S,0.91,Feb 2022,9.43333333333333
DE,2,2022,439,279,95,25S,0.64,Feb 2022,9.73333333333333
FL,2,2022,7786,5461,1657,44S,0.7,Feb 2022,11.95
GA,2,2022,4581,2942,1184,27S,0.64,Feb 2022,15.65
HI,2,2022,852,676,132,24S,0.79,Feb 2022,10.55
IA,2,2022,1150,830,279,55S,0.72,Feb 2022,11.4
ID,2,2022,1087,870,166,34S,0.8,Feb 2022,15.9
IL,2,2022,6522,1337,1665,23S,0.2,Feb 2022,13.3333333333333
IN,2,2022,2829,2093,392,23S,0.74,Feb 2022,13.95
KS,2,2022,1307,1097,142,21S,0.84,Feb 2022,16.85
KY,2,2022,1785,1213,370,28S,0.68,Feb 2022,14.2333333333333
LA,2,2022,2401,1494,595,27S,0.62,Feb 2022,14.1
MA,2,2022,3894,2607,1069,57S,0.67,Feb 2022,9.06666666666667
MD,2,2022,2931,2448,478,43S,0.84,Feb 2022,13.3166666666667
ME,2,2022,453,385,67,39S,0.85,Feb 2022,9.15
MI,2,2022,5076,3402,1059,41S,0.67,Feb 2022,12.0833333333333
MN,2,2022,2459,1642,467,36S,0.67,Feb 2022,15.7666666666667
MO,2,2022,2686,2289,357,34S,0.85,Feb 2022,15.5
MS,2,2022,964,865,96,20S,0.9,Feb 2022,8.35
MT,2,2022,674,653,20,12S,0.97,Feb 2022,11
NC,2,2022,4365,3911,364,22S,0.9,Feb 2022,8.13333333333333
ND,2,2022,372,342,20,17S,0.92,Feb 2022,11.7
NE,2,2022,923,760,133,31S,0.82,Feb 2022,12.6166666666667
NH,2,2022,588,446,64,22S,0.76,Feb 2022,9.21666666666667
NJ,2,2022,3575,2875,553,39S,0.8,Feb 2022,13.9
NM,2,2022,1342,955,310,1M 9S,0.71,Feb 2022,16.9
NV,2,2022,1635,1087,400,49S,0.66,Feb 2022,16.45
NY,2,2022,11471,6969,2213,32S,0.61,Feb 2022,15.55
OH,2,2022,4579,2478,763,22S,0.54,Feb 2022,12.6333333333333
OK,2,2022,1612,1202,333,43S,0.75,Feb 2022,13.2666666666667
OR,2,2022,3238,2343,572,37S,0.72,Feb 2022,17.4166666666667
PA,2,2022,4482,3748,640,31S,0.84,Feb 2022,12.2333333333333
RI,2,2022,304,296,5,8S,0.97,Feb 2022,9.55
SC,2,2022,2494,1864,505,29S,0.75,Feb 2022,16.05
SD,2,2022,285,238,46,27S,0.84,Feb 2022,18.25
TN,2,2022,3000,2487,507,23S,0.83,Feb 2022,7.93333333333333
TX,2,2022,11642,5399,2454,27S,0.46,Feb 2022,13.5666666666667
UT,2,2022,1854,1517,190,24S,0.82,Feb 2022,15.3333333333333
VA,2,2022,3761,3160,554,39S,0.84,Feb 2022,11.85
VT,2,2022,361,317,30,18S,0.88,Feb 2022,12.15
WA,2,2022,4372,2951,1065,32S,0.67,Feb 2022,11.4833333333333
WI,2,2022,4145,3401,616,28S,0.82,Feb 2022,16.5666666666667
WV,2,2022,733,675,53,24S,0.92,Feb 2022,18.8666666666667
WY,2,2022,253,162,39,12S,0.64,Feb 2022,15.5833333333333
AK,2,2023,896,579,97,19S,0.65,Feb 2023,16.65
AL,2,2023,2320,1317,410,31S,0.57,Feb 2023,12.5666666666667
AR,2,2023,1443,1109,174,24S,0.77,Feb 2023,10.5
AZ,2,2023,4927,4331,465,19S,0.88,Feb 2023,11.4
CA,2,2023,25008,21786,2977,37S,0.87,Feb 2023,12.2
CO,2,2023,4722,2948,662,29S,0.62,Feb 2023,15.4
CT,2,2023,3254,3054,136,14S,0.94,Feb 2023,7.95
DC,2,2023,736,709,13,5S,0.96,Feb 2023,8.41666666666667
DE,2,2023,369,293,26,21S,0.79,Feb 2023,7.75
FL,2,2023,9838,6486,1833,43S,0.66,Feb 2023,13.7166666666667
GA,2,2023,5904,5072,450,16S,0.86,Feb 2023,11.1833333333333
HI,2,2023,1018,925,54,8S,0.91,Feb 2023,8.73333333333333
IA,2,2023,1864,1548,280,40S,0.83,Feb 2023,12.9833333333333
ID,2,2023,1078,805,149,26S,0.75,Feb 2023,12.95
IL,2,2023,10231,8223,1030,30S,0.8,Feb 2023,19.75
IN,2,2023,3011,2761,199,15S,0.92,Feb 2023,15.5333333333333
KS,2,2023,1702,1591,96,18S,0.93,Feb 2023,14.6833333333333
KY,2,2023,2313,1763,291,25S,0.76,Feb 2023,15.1333333333333
LA,2,2023,2316,1968,309,27S,0.85,Feb 2023,15.5333333333333
MA,2,2023,5218,4547,584,34S,0.87,Feb 2023,10.2333333333333
MD,2,2023,4188,3599,548,33S,0.86,Feb 2023,13.4
ME,2,2023,570,486,48,26S,0.85,Feb 2023,11.65
MI,2,2023,6033,5305,504,25S,0.88,Feb 2023,11.6833333333333
MN,2,2023,3490,3061,320,34S,0.88,Feb 2023,13.2666666666667
MO,2,2023,4057,3678,350,23S,0.91,Feb 2023,13.3
MS,2,2023,984,956,18,3S,0.97,Feb 2023,7.88333333333333
MT,2,2023,730,705,5,5S,0.97,Feb 2023,11.6333333333333
NC,2,2023,5301,4075,602,20S,0.77,Feb 2023,9.73333333333333
ND,2,2023,316,282,11,10S,0.89,Feb 2023,11.5833333333333
NE,2,2023,1457,1258,108,20S,0.86,Feb 2023,15.5166666666667
NH,2,2023,1248,1136,90,18S,0.91,Feb 2023,11.8
NJ,2,2023,4394,3372,555,29S,0.77,Feb 2023,13.65
NM,2,2023,1916,1536,233,28S,0.8,Feb 2023,16.8333333333333
NV,2,2023,2508,1886,335,24S,0.75,Feb 2023,17.0333333333333
NY,2,2023,14310,11265,1468,28S,0.79,Feb 2023,14.9666666666667
OH,2,2023,6610,5981,534,18S,0.9,Feb 2023,12.55
OK,2,2023,2929,2704,188,18S,0.92,Feb 2023,10.75
OR,2,2023,3918,3484,272,27S,0.89,Feb 2023,16.85
PA,2,2023,5869,4652,735,25S,0.79,Feb 2023,12.35
RI,2,2023,519,503,6,2S,0.97,Feb 2023,14.4
SC,2,2023,2819,1686,280,19S,0.6,Feb 2023,14.15
SD,2,2023,584,518,34,15S,0.89,Feb 2023,19.3166666666667
TN,2,2023,2987,2497,453,32S,0.84,Feb 2023,11.3
TX,2,2023,14013,10373,1446,23S,0.74,Feb 2023,13.1666666666667
UT,2,2023,2613,2320,178,13S,0.89,Feb 2023,14.75
VA,2,2023,5331,4747,528,21S,0.89,Feb 2023,12.2333333333333
VT,2,2023,1131,913,122,12S,0.81,Feb 2023,9.6
WA,2,2023,6606,5745,436,21S,0.87,Feb 2023,11.85
WI,2,2023,5087,4058,468,23S,0.8,Feb 2023,13.7
WV,2,2023,945,850,59,20S,0.9,Feb 2023,19.9
WY,2,2023,399,311,51,17S,0.78,Feb 2023,14.7833333333333
AK,2,2024,1103,775,139,23S,0.7,Feb 2024,16.2
AL,2,2024,2417,1715,401,36S,0.71,Feb 2024,12.05
AR,2,2024,1555,626,136,18S,0.4,Feb 2024,13.4833333333333
AZ,2,2024,5890,5062,507,19S,0.86,Feb 2024,12.7
CA,2,2024,28867,25443,2648,27S,0.88,Feb 2024,12.0833333333333
CO,2,2024,8296,6744,812,21S,0.81,Feb 2024,13.4833333333333
CT,2,2024,4278,3778,267,15S,0.88,Feb 2024,10.5333333333333
DC,2,2024,1000,842,76,21S,0.84,Feb 2024,9.86666666666667
DE,2,2024,406,334,34,20S,0.82,Feb 2024,8
FL,2,2024,11504,9269,1569,31S,0.81,Feb 2024,14.5833333333333
GA,2,2024,6573,5402,821,21S,0.82,Feb 2024,11.7666666666667
HI,2,2024,1578,1153,295,25S,0.73,Feb 2024,10.45
IA,2,2024,1870,1643,202,30S,0.88,Feb 2024,13.8
ID,2,2024,1191,1010,97,17S,0.85,Feb 2024,16.8333333333333
IL,2,2024,12994,10009,1328,31S,0.77,Feb 2024,20.0666666666667
IN,2,2024,5920,5470,366,18S,0.92,Feb 2024,18.75
KS,2,2024,2163,1961,179,19S,0.91,Feb 2024,14.3833333333333
KY,2,2024,2690,2281,359,25S,0.85,Feb 2024,14.95
LA,2,2024,2982,2625,300,21S,0.88,Feb 2024,13.9666666666667
MA,2,2024,5590,4920,599,30S,0.88,Feb 2024,9.36666666666667
MD,2,2024,6190,5630,511,23S,0.91,Feb 2024,13.6
ME,2,2024,1570,1453,78,16S,0.93,Feb 2024,7.3
MI,2,2024,7159,6416,636,17S,0.9,Feb 2024,11.2333333333333
MN,2,2024,4032,3628,308,19S,0.9,Feb 2024,14.0666666666667
MO,2,2024,6286,5872,378,15S,0.93,Feb 2024,12.3833333333333
MS,2,2024,1082,1060,20,1S,0.98,Feb 2024,7.18333333333333
MT,2,2024,879,858,14,6S,0.98,Feb 2024,11.45
NC,2,2024,5749,4665,709,20S,0.81,Feb 2024,12.9166666666667
ND,2,2024,670,593,36,10S,0.89,Feb 2024,10.7333333333333
NE,2,2024,1682,1495,116,20S,0.89,Feb 2024,17.0833333333333
NH,2,2024,1091,808,133,25S,0.74,Feb 2024,13.6
NJ,2,2024,6439,4866,801,28S,0.76,Feb 2024,14.8166666666667
NM,2,2024,2397,2001,257,18S,0.83,Feb 2024,14.6666666666667
NV,2,2024,3186,1889,490,24S,0.59,Feb 2024,16.05
NY,2,2024,28511,25711,2292,35S,0.9,Feb 2024,15.9166666666667
OH,2,2024,7829,6866,864,25S,0.88,Feb 2024,13.4
OK,2,2024,4820,4283,472,23S,0.89,Feb 2024,10.9666666666667
OR,2,2024,4395,3298,493,29S,0.75,Feb 2024,17.0166666666667
PA,2,2024,7416,6548,658,19S,0.88,Feb 2024,11.8166666666667
RI,2,2024,755,735,9,1S,0.97,Feb 2024,13.8
SC,2,2024,3196,2524,329,30S,0.79,Feb 2024,16.3666666666667
SD,2,2024,644,553,34,12S,0.86,Feb 2024,14.4666666666667
TN,2,2024,3660,3164,449,26S,0.86,Feb 2024,12.7666666666667
TX,2,2024,15327,13214,1891,30S,0.86,Feb 2024,14.4166666666667
UT,2,2024,2859,2679,131,13S,0.94,Feb 2024,16.6166666666667
VA,2,2024,8209,6748,1115,41S,0.82,Feb 2024,13.8166666666667
VT,2,2024,771,645,63,14S,0.84,Feb 2024,14.95
WA,2,2024,6970,6318,471,23S,0.91,Feb 2024,13.4833333333333
WI,2,2024,6648,5168,560,26S,0.78,Feb 2024,14.8166666666667
WV,2,2024,1667,1516,92,15S,0.91,Feb 2024,17.6
WY,2,2024,558,510,24,15S,0.91,Feb 2024,14.3
AK,1,2022,648,330,186,29S,0.51,Jan 2022,12.9
AL,1,2022,2093,1228,671,58S,0.59,Jan 2022,12.7666666666667
AR,1,2022,1197,936,224,29S,0.78,Jan 2022,11.7666666666667
AZ,1,2022,3021,2766,214,17S,0.92,Jan 2022,9.38333333333333
CA,1,2022,22610,19315,3216,45S,0.85,Jan 2022,12.9166666666667
CO,1,2022,4103,2256,1134,47S,0.55,Jan 2022,15.3166666666667
CT,1,2022,1674,829,481,1M 16S,0.5,Jan 2022,12.5666666666667
DC,1,2022,521,454,43,21S,0.87,Jan 2022,8.95
DE,1,2022,359,248,70,25S,0.69,Jan 2022,11.1333333333333
FL,1,2022,8220,5842,1698,43S,0.71,Jan 2022,12.35
GA,1,2022,4623,3085,1063,28S,0.67,Jan 2022,15.7166666666667
HI,1,2022,949,750,137,26S,0.79,Jan 2022,8.5
IA,1,2022,1256,802,370,1M 2S,0.64,Jan 2022,12.8166666666667
ID,1,2022,1136,971,80,16S,0.85,Jan 2022,15.7
IL,1,2022,7185,1315,1794,26S,0.18,Jan 2022,14.2666666666667
IN,1,2022,3017,2250,418,24S,0.75,Jan 2022,12.75
KS,1,2022,1291,1060,138,18S,0.82,Jan 2022,16.85
KY,1,2022,1952,1377,380,32S,0.71,Jan 2022,14.8
LA,1,2022,2537,1597,661,28S,0.63,Jan 2022,16.0166666666667
MA,1,2022,4570,3250,1108,52S,0.71,Jan 2022,7.93333333333333
MD,1,2022,2950,2445,495,44S,0.83,Jan 2022,13.65
ME,1,2022,411,347,62,39S,0.84,Jan 2022,10.1333333333333
MI,1,2022,5121,3301,1068,43S,0.64,Jan 2022,11.1833333333333
MN,1,2022,2625,1464,608,36S,0.56,Jan 2022,16.2333333333333
MO,1,2022,2989,2491,435,34S,0.83,Jan 2022,14.7333333333333
MS,1,2022,910,825,76,20S,0.91,Jan 2022,8.66666666666667
MT,1,2022,561,543,18,14S,0.97,Jan 2022,11.2
NC,1,2022,4337,3925,354,22S,0.91,Jan 2022,7.71666666666667
ND,1,2022,321,297,19,18S,0.93,Jan 2022,11.6833333333333
NE,1,2022,974,801,131,29S,0.82,Jan 2022,12.9333333333333
NH,1,2022,568,427,55,21S,0.75,Jan 2022,10.2666666666667
NJ,1,2022,3811,3010,637,42S,0.79,Jan 2022,14.2
NM,1,2022,1244,913,280,1M 4S,0.73,Jan 2022,18.1
NV,1,2022,1676,1093,441,48S,0.65,Jan 2022,15.05
NY,1,2022,11306,7147,2024,33S,0.63,Jan 2022,16.0666666666667
OH,1,2022,4724,2599,818,22S,0.55,Jan 2022,12.85
OK,1,2022,1703,1213,390,49S,0.71,Jan 2022,14.75
OR,1,2022,3292,2138,723,37S,0.65,Jan 2022,17.5333333333333
PA,1,2022,4693,3719,774,37S,0.79,Jan 2022,13.0166666666667
RI,1,2022,329,324,5,9S,0.98,Jan 2022,8.03333333333333
SC,1,2022,2412,1923,378,28S,0.8,Jan 2022,15.7666666666667
SD,1,2022,280,240,34,27S,0.86,Jan 2022,19.2
TN,1,2022,2819,2352,455,24S,0.83,Jan 2022,8.46666666666667
TX,1,2022,11419,5186,2348,25S,0.45,Jan 2022,14.1666666666667
UT,1,2022,1985,1489,264,25S,0.75,Jan 2022,16.6
VA,1,2022,4130,3555,514,35S,0.86,Jan 2022,11.5333333333333
VT,1,2022,426,369,40,20S,0.87,Jan 2022,12.0833333333333
WA,1,2022,4330,2939,954,33S,0.68,Jan 2022,12.2333333333333
WI,1,2022,4074,3261,545,27S,0.8,Jan 2022,17.35
WV,1,2022,718,653,59,24S,0.91,Jan 2022,18.0666666666667
WY,1,2022,225,141,34,13S,0.63,Jan 2022,15.3666666666667
AK,1,2023,964,647,134,19S,0.67,Jan 2023,14.5333333333333
AL,1,2023,2871,1639,499,23S,0.57,Jan 2023,10.6166666666667
AR,1,2023,1697,1313,179,21S,0.77,Jan 2023,10.6166666666667
AZ,1,2023,5438,4691,626,19S,0.86,Jan 2023,11.8666666666667
CA,1,2023,27716,24260,3387,37S,0.88,Jan 2023,12.1333333333333
CO,1,2023,5011,3633,582,25S,0.73,Jan 2023,15.2833333333333
CT,1,2023,3912,3701,151,15S,0.95,Jan 2023,7.53333333333333
DC,1,2023,816,739,49,13S,0.91,Jan 2023,8.53333333333333
DE,1,2023,423,301,49,20S,0.71,Jan 2023,8.03333333333333
FL,1,2023,10507,6753,1909,38S,0.64,Jan 2023,14.3166666666667
GA,1,2023,6800,5776,581,16S,0.85,Jan 2023,11.3166666666667
HI,1,2023,1237,1140,77,13S,0.92,Jan 2023,9
IA,1,2023,2188,1958,194,25S,0.89,Jan 2023,9.01666666666667
ID,1,2023,1174,958,112,25S,0.82,Jan 2023,12.5666666666667
IL,1,2023,11482,9042,1203,32S,0.79,Jan 2023,19.5666666666667
IN,1,2023,3617,3298,276,18S,0.91,Jan 2023,15.2333333333333
KS,1,2023,1861,1692,145,19S,0.91,Jan 2023,14.4833333333333
KY,1,2023,2523,1917,353,26S,0.76,Jan 2023,15.2833333333333
LA,1,2023,2685,2332,327,26S,0.87,Jan 2023,15.9166666666667
MA,1,2023,5931,5071,766,36S,0.85,Jan 2023,10.8166666666667
MD,1,2023,4809,4218,577,33S,0.88,Jan 2023,12.3333333333333
ME,1,2023,641,556,61,25S,0.87,Jan 2023,11.05
MI,1,2023,7049,6157,651,26S,0.87,Jan 2023,11.0666666666667
MN,1,2023,3714,3246,360,30S,0.87,Jan 2023,13.1166666666667
MO,1,2023,4414,3992,397,23S,0.9,Jan 2023,13.7333333333333
MS,1,2023,1175,1148,24,3S,0.98,Jan 2023,8.01666666666667
MT,1,2023,1176,714,461,9S,0.61,Jan 2023,11.8
NC,1,2023,5630,4304,621,20S,0.76,Jan 2023,9.51666666666667
ND,1,2023,410,363,19,11S,0.89,Jan 2023,10.7
NE,1,2023,1540,1323,150,22S,0.86,Jan 2023,15.3
NH,1,2023,1006,906,100,29S,0.9,Jan 2023,18.4
NJ,1,2023,4821,3573,669,30S,0.74,Jan 2023,14.5
NM,1,2023,2391,1935,252,26S,0.81,Jan 2023,16.35
NV,1,2023,2608,1848,377,25S,0.71,Jan 2023,17.1833333333333
NY,1,2023,15745,12418,1791,29S,0.79,Jan 2023,14.4333333333333
OH,1,2023,7573,6786,641,18S,0.9,Jan 2023,12.7166666666667
OK,1,2023,3078,2811,236,19S,0.91,Jan 2023,11.1666666666667
OR,1,2023,4102,3628,316,26S,0.88,Jan 2023,17.2166666666667
PA,1,2023,6218,5055,714,27S,0.81,Jan 2023,11.2833333333333
RI,1,2023,527,516,7,2S,0.98,Jan 2023,15.6333333333333
SC,1,2023,3373,1940,368,19S,0.58,Jan 2023,14.65
SD,1,2023,524,471,38,15S,0.9,Jan 2023,17.95
TN,1,2023,3074,2748,315,24S,0.89,Jan 2023,10.4666666666667
TX,1,2023,14718,10560,1325,20S,0.72,Jan 2023,13.8333333333333
UT,1,2023,3376,2572,625,15S,0.76,Jan 2023,14.5833333333333
VA,1,2023,6017,5261,743,20S,0.87,Jan 2023,12.9833333333333
VT,1,2023,958,793,59,16S,0.83,Jan 2023,13.0833333333333
WA,1,2023,6323,5622,429,21S,0.89,Jan 2023,12.1833333333333
WI,1,2023,6030,4723,580,22S,0.78,Jan 2023,13.5
WV,1,2023,1027,901,68,17S,0.88,Jan 2023,20.1666666666667
WY,1,2023,492,414,35,12S,0.84,Jan 2023,13.2666666666667
AK,1,2024,1104,722,118,23S,0.65,Jan 2024,18.6833333333333
AL,1,2024,2707,1864,431,37S,0.69,Jan 2024,11.5333333333333
AR,1,2024,1460,611,107,19S,0.42,Jan 2024,11.9666666666667
AZ,1,2024,5840,5067,548,20S,0.87,Jan 2024,13.4
CA,1,2024,30003,26018,2924,27S,0.87,Jan 2024,12.45
CO,1,2024,8742,7235,1009,19S,0.83,Jan 2024,12.8333333333333
CT,1,2024,3745,3313,253,14S,0.88,Jan 2024,12.2166666666667
DC,1,2024,930,788,72,22S,0.85,Jan 2024,10.1166666666667
DE,1,2024,388,309,44,19S,0.8,Jan 2024,9.5
FL,1,2024,12210,9646,1682,32S,0.79,Jan 2024,15.1333333333333
GA,1,2024,6502,5451,765,21S,0.84,Jan 2024,12.3166666666667
HI,1,2024,2140,1580,354,28S,0.74,Jan 2024,9.76666666666667
IA,1,2024,1946,1677,249,32S,0.86,Jan 2024,13.35
ID,1,2024,1379,1186,97,21S,0.86,Jan 2024,17.1833333333333
IL,1,2024,13203,10572,1274,32S,0.8,Jan 2024,21.1166666666667
IN,1,2024,5946,5451,433,19S,0.92,Jan 2024,19.3
KS,1,2024,2105,1900,183,20S,0.9,Jan 2024,14.2666666666667
KY,1,2024,2636,2208,381,24S,0.84,Jan 2024,14.8166666666667
LA,1,2024,3005,2674,289,19S,0.89,Jan 2024,14.0833333333333
MA,1,2024,6424,5714,629,32S,0.89,Jan 2024,9.1
MD,1,2024,6356,5713,558,23S,0.9,Jan 2024,13.0333333333333
ME,1,2024,1275,1175,73,15S,0.92,Jan 2024,7.91666666666667
MI,1,2024,7755,6963,728,17S,0.9,Jan 2024,11.5166666666667
MN,1,2024,4154,3735,296,19S,0.9,Jan 2024,13.8666666666667
MO,1,2024,5576,5243,305,17S,0.94,Jan 2024,12.8
MS,1,2024,1106,1075,26,1S,0.97,Jan 2024,8.03333333333333
MT,1,2024,913,881,30,6S,0.96,Jan 2024,12.05
NC,1,2024,5941,4827,743,19S,0.81,Jan 2024,12.7
ND,1,2024,629,564,30,9S,0.9,Jan 2024,9.9
NE,1,2024,1725,1487,136,20S,0.86,Jan 2024,17.05
NH,1,2024,989,785,136,35S,0.79,Jan 2024,16.6833333333333
NJ,1,2024,6498,4972,836,28S,0.77,Jan 2024,15.1666666666667
NM,1,2024,2677,2369,225,17S,0.88,Jan 2024,13.8166666666667
NV,1,2024,3329,2312,464,22S,0.69,Jan 2024,16.7666666666667
NY,1,2024,29016,26094,2447,35S,0.9,Jan 2024,15.9666666666667
OH,1,2024,7945,7058,811,27S,0.89,Jan 2024,13.7166666666667
OK,1,2024,4800,4281,445,22S,0.89,Jan 2024,11.4333333333333
OR,1,2024,4682,3370,581,29S,0.72,Jan 2024,15.5833333333333
PA,1,2024,7953,7063,719,18S,0.89,Jan 2024,11.7166666666667
RI,1,2024,743,727,9,1S,0.98,Jan 2024,14.9166666666667
SC,1,2024,3288,2706,335,32S,0.82,Jan 2024,15.4166666666667
SD,1,2024,703,587,52,12S,0.83,Jan 2024,15.15
TN,1,2024,3848,3276,541,26S,0.85,Jan 2024,12.35
TX,1,2024,15413,13221,1942,29S,0.86,Jan 2024,14.0666666666667
UT,1,2024,3009,2757,179,13S,0.92,Jan 2024,15.4833333333333
VA,1,2024,8378,7381,839,33S,0.88,Jan 2024,12.25
VT,1,2024,856,747,55,14S,0.87,Jan 2024,16.25
WA,1,2024,7400,6747,521,22S,0.91,Jan 2024,12.3166666666667
WI,1,2024,6720,5179,587,26S,0.77,Jan 2024,14.95
WV,1,2024,2019,1825,117,15S,0.9,Jan 2024,16.6833333333333
WY,1,2024,601,444,63,14S,0.74,Jan 2024,14.5833333333333
AK,7,2021,563,240,202,1M 0S,0.43,Jul 2021,16.75
AL,7,2021,2247,1374,740,52S,0.61,Jul 2021,11.8666666666667
AR,7,2021,1347,934,322,30S,0.69,Jul 2021,12.2
AZ,7,2021,3054,2785,212,17S,0.91,Jul 2021,9.86666666666667
CA,7,2021,22327,19564,2665,36S,0.88,Jul 2021,13.0333333333333
CO,7,2021,3780,2719,690,53S,0.72,Jul 2021,16.3333333333333
CT,7,2021,1536,911,399,58S,0.59,Jul 2021,12.9666666666667
DC,7,2021,598,546,41,17S,0.91,Jul 2021,8.81666666666667
DE,7,2021,409,291,94,27S,0.71,Jul 2021,11.5333333333333
FL,7,2021,8361,6472,1544,41S,0.77,Jul 2021,11.2666666666667
GA,7,2021,4744,3367,1057,26S,0.71,Jul 2021,16.9
HI,7,2021,744,647,61,15S,0.87,Jul 2021,10.0166666666667
IA,7,2021,1398,853,412,1M 3S,0.61,Jul 2021,13.1666666666667
ID,7,2021,1020,879,58,17S,0.86,Jul 2021,15.4833333333333
IL,7,2021,7376,1430,1667,26S,0.19,Jul 2021,14
IN,7,2021,3201,2150,663,19S,0.67,Jul 2021,14.8833333333333
KS,7,2021,1371,987,193,20S,0.72,Jul 2021,15.0333333333333
KY,7,2021,2088,1559,313,21S,0.75,Jul 2021,13.5666666666667
LA,7,2021,2252,1264,520,35S,0.56,Jul 2021,14.15
MA,7,2021,3505,2688,670,1M 0S,0.77,Jul 2021,9.75
MD,7,2021,3268,2657,601,44S,0.81,Jul 2021,12.6166666666667
ME,7,2021,420,350,70,38S,0.83,Jul 2021,10.0166666666667
MI,7,2021,5386,3504,1157,42S,0.65,Jul 2021,11.2
MN,7,2021,2885,1078,929,40S,0.37,Jul 2021,14.2166666666667
MO,7,2021,2824,2255,509,48S,0.8,Jul 2021,14.8666666666667
MS,7,2021,1200,1083,100,19S,0.9,Jul 2021,7.11666666666667
MT,7,2021,674,612,62,31S,0.91,Jul 2021,12.65
NC,7,2021,4964,4138,524,21S,0.83,Jul 2021,7.98333333333333
ND,7,2021,339,289,35,31S,0.85,Jul 2021,12.8
NE,7,2021,1002,729,209,45S,0.73,Jul 2021,12.6833333333333
NH,7,2021,614,473,60,22S,0.77,Jul 2021,10.9833333333333
NJ,7,2021,3708,2846,691,40S,0.77,Jul 2021,13.7333333333333
NM,7,2021,1362,1065,272,49S,0.78,Jul 2021,16.9666666666667
NV,7,2021,1829,1397,354,42S,0.76,Jul 2021,11.3166666666667
NY,7,2021,12496,7852,2927,32S,0.63,Jul 2021,15.25
OH,7,2021,5183,3455,583,20S,0.67,Jul 2021,11.05
OK,7,2021,1584,1139,356,44S,0.72,Jul 2021,15.2
OR,7,2021,3169,2273,600,37S,0.72,Jul 2021,16.4666666666667
PA,7,2021,5188,4284,768,33S,0.83,Jul 2021,12.35
RI,7,2021,370,364,6,7S,0.98,Jul 2021,8.76666666666667
SC,7,2021,2205,1525,332,31S,0.69,Jul 2021,13.2166666666667
SD,7,2021,305,267,33,26S,0.88,Jul 2021,18.2333333333333
TN,7,2021,2846,2108,586,30S,0.74,Jul 2021,9.2
TX,7,2021,12552,4974,2398,27S,0.4,Jul 2021,13.5
UT,7,2021,2191,1529,402,26S,0.7,Jul 2021,16.5
VA,7,2021,4192,2909,1086,1M 15S,0.69,Jul 2021,10.85
VT,7,2021,226,190,27,23S,0.84,Jul 2021,20.7833333333333
WA,7,2021,4350,3262,744,32S,0.75,Jul 2021,10.4333333333333
WI,7,2021,3133,2925,201,22S,0.93,Jul 2021,13.8666666666667
WV,7,2021,1052,915,126,26S,0.87,Jul 2021,13.6333333333333
WY,7,2021,238,119,33,15S,0.5,Jul 2021,15.3833333333333
AK,7,2022,701,360,196,34S,0.54,Jul 2022,14.5833333333333
AL,7,2022,3136,2051,684,46S,0.68,Jul 2022,10.4333333333333
AR,7,2022,1555,1136,239,26S,0.77,Jul 2022,10.6166666666667
AZ,7,2022,4446,3969,42,10S,0.96,Jul 2022,11.7333333333333
CA,7,2022,30422,25309,3398,38S,0.87,Jul 2022,11.45
CO,7,2022,5276,4099,503,27S,0.81,Jul 2022,12.55
CT,7,2022,2698,2539,116,24S,0.95,Jul 2022,10.8166666666667
DC,7,2022,782,713,8,16S,0.94,Jul 2022,9.13333333333333
DE,7,2022,447,320,37,23S,0.75,Jul 2022,8.08333333333333
FL,7,2022,12321,6276,1997,37S,0.54,Jul 2022,10.1333333333333
GA,7,2022,6942,5625,740,20S,0.86,Jul 2022,11.1
HI,7,2022,1531,1158,111,23S,0.84,Jul 2022,6.65
IA,7,2022,1872,1420,250,33S,0.79,Jul 2022,9.71666666666667
ID,7,2022,1158,1016,75,29S,0.92,Jul 2022,13.35
IL,7,2022,9964,7745,739,31S,0.81,Jul 2022,19.1666666666667
IN,7,2022,3719,2773,102,17S,0.77,Jul 2022,12.3166666666667
KS,7,2022,2203,1748,201,23S,0.84,Jul 2022,12.9833333333333
KY,7,2022,2521,1869,325,32S,0.78,Jul 2022,13.55
LA,7,2022,2853,2347,205,25S,0.89,Jul 2022,12.55
MA,7,2022,4864,3664,848,52S,0.79,Jul 2022,9.86666666666667
MD,7,2022,3851,3156,523,33S,0.86,Jul 2022,12.5166666666667
ME,7,2022,7594,7394,91,3S,0.99,Jul 2022,0
MI,7,2022,6897,5252,854,31S,0.81,Jul 2022,11.4166666666667
MN,7,2022,3759,3136,405,49S,0.87,Jul 2022,12.9666666666667
MO,7,2022,4002,3349,455,37S,0.87,Jul 2022,13.3666666666667
MS,7,2022,1263,1108,78,21S,0.93,Jul 2022,8.28333333333333
MT,7,2022,760,736,11,13S,0.99,Jul 2022,12.9166666666667
NC,7,2022,6072,5021,560,22S,0.87,Jul 2022,9.45
ND,7,2022,377,326,8,15S,0.91,Jul 2022,12.55
NE,7,2022,1288,1097,105,26S,0.89,Jul 2022,13.7166666666667
NH,7,2022,933,727,159,34S,0.82,Jul 2022,17.45
NJ,7,2022,5448,4068,699,32S,0.78,Jul 2022,12.3666666666667
NM,7,2022,2003,1719,171,28S,0.89,Jul 2022,15.5
NV,7,2022,2449,1766,342,33S,0.77,Jul 2022,15.9333333333333
NY,7,2022,16973,12576,1782,28S,0.78,Jul 2022,13.3166666666667
OH,7,2022,8041,6614,517,19S,0.85,Jul 2022,10.6
OK,7,2022,2541,2170,185,29S,0.9,Jul 2022,13.95
OR,7,2022,4149,3636,295,32S,0.9,Jul 2022,16.5833333333333
PA,7,2022,6715,5493,679,32S,0.85,Jul 2022,11.3833333333333
RI,7,2022,490,479,0,7S,1,Jul 2022,10.3833333333333
SC,7,2022,3717,2674,493,30S,0.75,Jul 2022,12.8333333333333
SD,7,2022,436,378,24,24S,0.93,Jul 2022,17.7666666666667
TN,7,2022,4261,3249,524,37S,0.85,Jul 2022,9.28333333333333
TX,7,2022,15736,9025,1110,24S,0.6,Jul 2022,12.1333333333333
UT,7,2022,2798,2436,143,21S,0.9,Jul 2022,14.95
VA,7,2022,7469,5885,1150,33S,0.83,Jul 2022,9.6
VT,7,2022,758,626,24,19S,0.88,Jul 2022,12.4166666666667
WA,7,2022,6414,5270,696,26S,0.86,Jul 2022,11.1
WI,7,2022,6271,4550,789,26S,0.76,Jul 2022,14.8666666666667
WV,7,2022,1070,926,93,21S,0.9,Jul 2022,18.25
WY,7,2022,385,309,32,12S,0.85,Jul 2022,12.2833333333333
AK,7,2023,989,622,140,22S,0.63,Jul 2023,17.2666666666667
AL,7,2023,2504,1714,383,33S,0.68,Jul 2023,11.5833333333333
AR,7,2023,1563,1117,224,27S,0.71,Jul 2023,11.4833333333333
AZ,7,2023,6319,5536,647,22S,0.88,Jul 2023,11.4666666666667
CA,7,2023,28879,25911,2802,30S,0.9,Jul 2023,12.55
CO,7,2023,6667,5772,377,16S,0.87,Jul 2023,14.0666666666667
CT,7,2023,3879,3532,212,17S,0.91,Jul 2023,9.48333333333333
DC,7,2023,886,466,136,23S,0.53,Jul 2023,11.5833333333333
DE,7,2023,405,291,31,18S,0.72,Jul 2023,8.68333333333333
FL,7,2023,11215,8226,1536,34S,0.73,Jul 2023,14.9666666666667
GA,7,2023,6443,5642,621,24S,0.88,Jul 2023,11.1166666666667
HI,7,2023,1545,1488,46,7S,0.96,Jul 2023,9.38333333333333
IA,7,2023,1926,1661,243,36S,0.86,Jul 2023,13.8666666666667
ID,7,2023,1143,936,109,21S,0.82,Jul 2023,13.9166666666667
IL,7,2023,12098,10249,1073,31S,0.85,Jul 2023,20.65
IN,7,2023,3814,3469,278,21S,0.91,Jul 2023,18.8
KS,7,2023,2040,1850,160,20S,0.91,Jul 2023,13.6333333333333
KY,7,2023,2457,2044,276,25S,0.83,Jul 2023,15.3666666666667
LA,7,2023,2587,2204,329,36S,0.85,Jul 2023,16.0333333333333
MA,7,2023,5462,4887,528,29S,0.89,Jul 2023,9.95
MD,7,2023,4702,4171,482,29S,0.89,Jul 2023,13.35
ME,7,2023,832,690,113,31S,0.83,Jul 2023,9.01666666666667
MI,7,2023,7330,6517,655,24S,0.89,Jul 2023,12.0833333333333
MN,7,2023,3763,3361,318,25S,0.89,Jul 2023,13.7166666666667
MO,7,2023,5038,4771,234,15S,0.95,Jul 2023,12.8
MS,7,2023,1379,1350,24,2S,0.98,Jul 2023,8.26666666666667
MT,7,2023,782,750,32,9S,0.96,Jul 2023,12.0166666666667
NC,7,2023,5962,5277,488,17S,0.89,Jul 2023,12.0333333333333
ND,7,2023,619,516,24,9S,0.83,Jul 2023,12.7666666666667
NE,7,2023,1704,1529,110,20S,0.9,Jul 2023,16.55
NH,7,2023,1252,1127,107,29S,0.9,Jul 2023,12.9666666666667
NJ,7,2023,4833,4028,479,27S,0.83,Jul 2023,12.4166666666667
NM,7,2023,1995,1807,115,15S,0.91,Jul 2023,16.9166666666667
NV,7,2023,2890,1917,378,27S,0.66,Jul 2023,16.7833333333333
NY,7,2023,17668,15180,1628,29S,0.86,Jul 2023,15.0833333333333
OH,7,2023,6999,6235,738,27S,0.89,Jul 2023,14
OK,7,2023,3883,3598,253,20S,0.93,Jul 2023,11.95
OR,7,2023,4616,4065,362,27S,0.88,Jul 2023,16.0833333333333
PA,7,2023,7667,6197,1080,38S,0.81,Jul 2023,12.15
RI,7,2023,756,740,15,2S,0.98,Jul 2023,14.65
SC,7,2023,3339,2373,389,29S,0.71,Jul 2023,15.75
SD,7,2023,789,667,62,13S,0.85,Jul 2023,14.7666666666667
TN,7,2023,3689,3291,374,26S,0.89,Jul 2023,11.9
TX,7,2023,14263,11623,1393,26S,0.81,Jul 2023,14.8
UT,7,2023,3005,2733,156,14S,0.91,Jul 2023,15.8
VA,7,2023,6057,5557,497,22S,0.92,Jul 2023,12.05
VT,7,2023,828,655,53,14S,0.79,Jul 2023,18.3166666666667
WA,7,2023,6757,5956,433,23S,0.88,Jul 2023,12.1
WI,7,2023,6377,4792,722,27S,0.75,Jul 2023,14.1166666666667
WV,7,2023,1269,1119,97,16S,0.88,Jul 2023,18.4333333333333
WY,7,2023,522,477,27,7S,0.91,Jul 2023,13.6166666666667
AK,6,2022,467,298,120,34S,0.64,Jun 2022,14.3166666666667
AL,6,2022,2539,1332,934,1M 11S,0.52,Jun 2022,11.55
AR,6,2022,1197,933,231,27S,0.78,Jun 2022,12.6
AZ,6,2022,3319,2980,229,16S,0.9,Jun 2022,9.91666666666667
CA,6,2022,23950,20276,3366,38S,0.85,Jun 2022,12.3666666666667
CO,6,2022,4260,2304,1084,33S,0.54,Jun 2022,13.0833333333333
CT,6,2022,2425,2254,129,25S,0.93,Jun 2022,10
DC,6,2022,588,519,44,18S,0.88,Jun 2022,9.66666666666667
DE,6,2022,308,224,53,24S,0.73,Jun 2022,8.51666666666667
FL,6,2022,9223,4878,2168,35S,0.53,Jun 2022,11.45
GA,6,2022,5996,4588,1026,22S,0.77,Jun 2022,11.5833333333333
HI,6,2022,1022,745,205,25S,0.73,Jun 2022,7.7
IA,6,2022,1497,966,432,57S,0.65,Jun 2022,10.2333333333333
ID,6,2022,1068,909,129,30S,0.85,Jun 2022,14.65
IL,6,2022,7466,1358,1514,24S,0.18,Jun 2022,15.3833333333333
IN,6,2022,3067,2316,300,19S,0.76,Jun 2022,13
KS,6,2022,1565,1244,233,25S,0.79,Jun 2022,15.4666666666667
KY,6,2022,1810,1327,322,35S,0.73,Jun 2022,14.2
LA,6,2022,2365,1510,472,28S,0.64,Jun 2022,14.2333333333333
MA,6,2022,3980,2787,979,54S,0.7,Jun 2022,9.78333333333333
MD,6,2022,3167,2540,594,37S,0.8,Jun 2022,12.7333333333333
ME,6,2022,496,406,90,45S,0.82,Jun 2022,11.1666666666667
MI,6,2022,5241,4138,847,33S,0.79,Jun 2022,12.1333333333333
MN,6,2022,2609,2189,381,53S,0.84,Jun 2022,13.45
MO,6,2022,3074,2501,514,39S,0.81,Jun 2022,14.4333333333333
MS,6,2022,1098,984,102,20S,0.9,Jun 2022,7.81666666666667
MT,6,2022,566,546,20,15S,0.96,Jun 2022,14.15
NC,6,2022,4898,4323,488,16S,0.88,Jun 2022,9.08333333333333
ND,6,2022,335,309,19,15S,0.92,Jun 2022,11.4833333333333
NE,6,2022,1128,1005,107,27S,0.89,Jun 2022,12.2
NH,6,2022,685,536,78,14S,0.78,Jun 2022,11.4
NJ,6,2022,4278,2999,809,38S,0.7,Jun 2022,14.0166666666667
NM,6,2022,1584,1239,325,45S,0.78,Jun 2022,15.45
NV,6,2022,1914,1415,373,40S,0.74,Jun 2022,16.8333333333333
NY,6,2022,12946,9396,2123,31S,0.73,Jun 2022,14.9833333333333
OH,6,2022,6129,4718,768,24S,0.77,Jun 2022,11.1
OK,6,2022,1832,1208,445,41S,0.66,Jun 2022,14.7333333333333
OR,6,2022,3574,2911,465,33S,0.81,Jun 2022,17.1
PA,6,2022,5337,4263,721,35S,0.8,Jun 2022,11.7666666666667
RI,6,2022,342,334,7,7S,0.98,Jun 2022,9.66666666666667
SC,6,2022,2911,2202,519,27S,0.76,Jun 2022,14.4666666666667
SD,6,2022,294,253,37,22S,0.86,Jun 2022,18.7833333333333
TN,6,2022,3142,2530,560,29S,0.81,Jun 2022,10.0333333333333
TX,6,2022,12515,6904,2025,24S,0.55,Jun 2022,13.5166666666667
UT,6,2022,2261,1912,219,22S,0.85,Jun 2022,16.2333333333333
VA,6,2022,4606,3841,742,41S,0.83,Jun 2022,11.45
VT,6,2022,427,363,40,21S,0.85,Jun 2022,15.5666666666667
WA,6,2022,4825,3151,1098,31S,0.65,Jun 2022,11.3333333333333
WI,6,2022,5225,4043,918,25S,0.77,Jun 2022,15.9833333333333
WV,6,2022,812,718,79,20S,0.89,Jun 2022,15.55
WY,6,2022,346,241,43,13S,0.7,Jun 2022,13.8833333333333
AK,6,2023,942,602,131,21S,0.64,Jun 2023,15.8166666666667
AL,6,2023,2294,1358,380,29S,0.59,Jun 2023,13.25
AR,6,2023,1441,1047,177,23S,0.73,Jun 2023,9.78333333333333
AZ,6,2023,6320,5229,1002,19S,0.83,Jun 2023,11
CA,6,2023,28493,25762,2660,30S,0.9,Jun 2023,11.95
CO,6,2023,6337,4917,393,18S,0.78,Jun 2023,14.8166666666667
CT,6,2023,3456,3178,200,15S,0.92,Jun 2023,9.28333333333333
DC,6,2023,810,526,110,30S,0.65,Jun 2023,10.9
DE,6,2023,447,326,35,20S,0.73,Jun 2023,6.38333333333333
FL,6,2023,10743,8058,1570,36S,0.75,Jun 2023,14.6166666666667
GA,6,2023,5988,5248,634,25S,0.88,Jun 2023,11.4666666666667
HI,6,2023,1520,1477,38,7S,0.97,Jun 2023,8.58333333333333
IA,6,2023,1662,1463,178,35S,0.88,Jun 2023,13.0833333333333
ID,6,2023,1194,981,111,22S,0.82,Jun 2023,13.1
IL,6,2023,11586,9619,1102,31S,0.83,Jun 2023,20.1166666666667
IN,6,2023,3603,3308,241,20S,0.92,Jun 2023,17.4166666666667
KS,6,2023,1863,1723,125,21S,0.92,Jun 2023,12.8166666666667
KY,6,2023,2272,1850,275,27S,0.81,Jun 2023,15.3166666666667
LA,6,2023,2548,2155,353,33S,0.85,Jun 2023,15.25
MA,6,2023,5112,4584,491,29S,0.9,Jun 2023,9.88333333333333
MD,6,2023,4477,4023,422,27S,0.9,Jun 2023,13.05
ME,6,2023,739,615,81,29S,0.83,Jun 2023,10.35
MI,6,2023,6862,6118,546,25S,0.89,Jun 2023,11.8
MN,6,2023,3853,3268,401,30S,0.85,Jun 2023,12.5
MO,6,2023,4459,4189,237,15S,0.94,Jun 2023,12.9333333333333
MS,6,2023,1082,1071,7,2S,0.99,Jun 2023,8.11666666666667
MT,6,2023,694,666,28,9S,0.96,Jun 2023,11.8
NC,6,2023,5278,4539,502,18S,0.86,Jun 2023,11.8166666666667
ND,6,2023,637,577,17,9S,0.91,Jun 2023,9.56666666666667
NE,6,2023,1587,1451,82,20S,0.91,Jun 2023,16.0833333333333
NH,6,2023,943,843,93,27S,0.89,Jun 2023,12.9666666666667
NJ,6,2023,4571,3783,529,29S,0.83,Jun 2023,13.25
NM,6,2023,2000,1741,162,15S,0.87,Jun 2023,17.15
NV,6,2023,2957,1990,409,24S,0.67,Jun 2023,13.95
NY,6,2023,16280,13919,1500,30S,0.85,Jun 2023,14.5666666666667
OH,6,2023,6801,6056,705,28S,0.89,Jun 2023,13.7
OK,6,2023,3470,3202,234,18S,0.92,Jun 2023,11.3666666666667
OR,6,2023,4175,3709,323,26S,0.89,Jun 2023,16.25
PA,6,2023,7353,5669,1181,38S,0.77,Jun 2023,11.8833333333333
RI,6,2023,688,674,5,2S,0.98,Jun 2023,13.1833333333333
SC,6,2023,3294,2491,383,27S,0.76,Jun 2023,15.15
SD,6,2023,730,639,41,13S,0.88,Jun 2023,17.35
TN,6,2023,3401,3001,393,30S,0.88,Jun 2023,11.5666666666667
TX,6,2023,14264,11398,1412,25S,0.8,Jun 2023,13.9
UT,6,2023,2593,2348,152,14S,0.91,Jun 2023,15.1
VA,6,2023,5679,5223,436,22S,0.92,Jun 2023,12.4333333333333
VT,6,2023,651,520,39,14S,0.8,Jun 2023,18.6666666666667
WA,6,2023,6807,5884,538,24S,0.86,Jun 2023,11.3166666666667
WI,6,2023,6268,4560,705,28S,0.73,Jun 2023,14.0666666666667
WV,6,2023,1260,1134,82,16S,0.9,Jun 2023,19.2
WY,6,2023,435,389,17,8S,0.89,Jun 2023,14.2666666666667
AK,3,2022,630,349,177,35S,0.55,Mar 2022,15.2833333333333
AL,3,2022,2438,1543,695,51S,0.63,Mar 2022,12.35
AR,3,2022,1087,952,112,22S,0.88,Mar 2022,12.4
AZ,3,2022,3163,2902,199,16S,0.92,Mar 2022,9.56666666666667
CA,3,2022,23527,20117,3303,40S,0.86,Mar 2022,12.6333333333333
CO,3,2022,4180,1592,1379,40S,0.38,Mar 2022,13.0666666666667
CT,3,2022,1906,1483,302,57S,0.78,Mar 2022,10.15
DC,3,2022,614,557,44,17S,0.91,Mar 2022,7.46666666666667
DE,3,2022,348,255,62,23S,0.73,Mar 2022,9.63333333333333
FL,3,2022,8595,5322,2027,36S,0.62,Mar 2022,11.9333333333333
GA,3,2022,5032,3400,1294,26S,0.68,Mar 2022,13.35
HI,3,2022,934,596,191,29S,0.64,Mar 2022,8.88333333333333
IA,3,2022,1469,1038,363,47S,0.71,Mar 2022,10.7666666666667
ID,3,2022,963,727,170,32S,0.75,Mar 2022,15.6666666666667
IL,3,2022,7740,1675,2090,24S,0.22,Mar 2022,12.2166666666667
IN,3,2022,2979,2329,248,18S,0.78,Mar 2022,13.8666666666667
KS,3,2022,1404,1151,190,22S,0.82,Mar 2022,15.7666666666667
KY,3,2022,1946,1319,422,30S,0.68,Mar 2022,13.9
LA,3,2022,2462,1655,493,28S,0.67,Mar 2022,14.9666666666667
MA,3,2022,4300,2931,1157,57S,0.68,Mar 2022,9.65
MD,3,2022,3283,2649,627,41S,0.81,Mar 2022,12.2166666666667
ME,3,2022,466,306,155,43S,0.66,Mar 2022,9.5
MI,3,2022,5445,2894,1375,46S,0.53,Mar 2022,11.05
MN,3,2022,2672,2338,312,50S,0.88,Mar 2022,14.6666666666667
MO,3,2022,2878,2421,413,34S,0.84,Mar 2022,14.8166666666667
MS,3,2022,997,896,95,20S,0.9,Mar 2022,8.81666666666667
MT,3,2022,681,658,21,13S,0.97,Mar 2022,12.3333333333333
NC,3,2022,4725,4243,382,22S,0.9,Mar 2022,8.46666666666667
ND,3,2022,316,294,18,16S,0.93,Mar 2022,11.6
NE,3,2022,984,831,123,31S,0.84,Mar 2022,13.5
NH,3,2022,695,546,82,21S,0.79,Mar 2022,11.4666666666667
NJ,3,2022,3905,3029,658,37S,0.78,Mar 2022,14.5333333333333
NM,3,2022,1463,1036,378,1M 3S,0.71,Mar 2022,16.1666666666667
NV,3,2022,1712,1302,300,42S,0.76,Mar 2022,17.0166666666667
NY,3,2022,12070,7716,2170,35S,0.64,Mar 2022,15.8833333333333
OH,3,2022,5374,3133,815,19S,0.58,Mar 2022,11.6833333333333
OK,3,2022,1615,1237,302,42S,0.77,Mar 2022,13.1666666666667
OR,3,2022,3239,2527,476,35S,0.78,Mar 2022,18.9166666666667
PA,3,2022,4823,4131,594,32S,0.86,Mar 2022,11.6666666666667
RI,3,2022,301,299,1,8S,0.99,Mar 2022,10.75
SC,3,2022,2905,2240,514,28S,0.77,Mar 2022,14.7
SD,3,2022,261,218,39,24S,0.84,Mar 2022,17.4833333333333
TN,3,2022,3158,2636,510,23S,0.83,Mar 2022,9.03333333333333
TX,3,2022,12489,5544,2791,26S,0.44,Mar 2022,14.1666666666667
UT,3,2022,2199,1743,248,24S,0.79,Mar 2022,15.4833333333333
VA,3,2022,4289,3553,684,44S,0.83,Mar 2022,12
VT,3,2022,400,328,53,18S,0.82,Mar 2022,14.7333333333333
WA,3,2022,4568,3152,1071,31S,0.69,Mar 2022,11.1
WI,3,2022,3776,3317,406,28S,0.88,Mar 2022,17.5333333333333
WV,3,2022,859,773,77,24S,0.9,Mar 2022,16.9
WY,3,2022,269,179,40,14S,0.67,Mar 2022,16.2
AK,3,2023,1058,739,139,20S,0.7,Mar 2023,16.55
AL,3,2023,2428,1345,453,22S,0.55,Mar 2023,11.5333333333333
AR,3,2023,1693,1133,294,30S,0.67,Mar 2023,10.2666666666667
AZ,3,2023,5375,4583,575,22S,0.85,Mar 2023,12.3333333333333
CA,3,2023,27837,24340,3247,36S,0.87,Mar 2023,12.4
CO,3,2023,5105,3634,617,24S,0.71,Mar 2023,15.6333333333333
CT,3,2023,3458,3255,153,13S,0.94,Mar 2023,8.63333333333333
DC,3,2023,841,607,106,24S,0.72,Mar 2023,10.5166666666667
DE,3,2023,410,296,62,21S,0.72,Mar 2023,7.38333333333333
FL,3,2023,10713,7439,2116,44S,0.69,Mar 2023,14.7666666666667
GA,3,2023,5740,4877,544,18S,0.85,Mar 2023,11.3833333333333
HI,3,2023,1038,978,51,13S,0.94,Mar 2023,9.23333333333333
IA,3,2023,1774,1598,164,29S,0.9,Mar 2023,12.45
ID,3,2023,1209,954,171,25S,0.79,Mar 2023,13.1166666666667
IL,3,2023,11208,9270,1158,31S,0.83,Mar 2023,20.2
IN,3,2023,3467,3246,184,15S,0.94,Mar 2023,15.7833333333333
KS,3,2023,1805,1619,163,21S,0.9,Mar 2023,14.1666666666667
KY,3,2023,2444,1915,320,25S,0.78,Mar 2023,13.5333333333333
LA,3,2023,2549,2210,302,30S,0.87,Mar 2023,16.5166666666667
MA,3,2023,5269,4674,549,32S,0.89,Mar 2023,10.9
MD,3,2023,4277,3743,498,33S,0.88,Mar 2023,13.15
ME,3,2023,564,487,52,25S,0.86,Mar 2023,11.4666666666667
MI,3,2023,6247,5419,531,22S,0.87,Mar 2023,11.95
MN,3,2023,3904,3377,397,32S,0.87,Mar 2023,13.15
MO,3,2023,4622,4209,392,22S,0.91,Mar 2023,12.6
MS,3,2023,1197,1167,21,4S,0.97,Mar 2023,8.68333333333333
MT,3,2023,721,706,15,5S,0.98,Mar 2023,11.3833333333333
NC,3,2023,5047,4016,592,19S,0.8,Mar 2023,10.35
ND,3,2023,445,404,17,11S,0.91,Mar 2023,9.7
NE,3,2023,1672,1494,118,20S,0.89,Mar 2023,15.9166666666667
NH,3,2023,1740,1564,165,19S,0.9,Mar 2023,9.88333333333333
NJ,3,2023,4637,3686,600,28S,0.79,Mar 2023,13.9166666666667
NM,3,2023,1968,1537,245,23S,0.78,Mar 2023,18.15
NV,3,2023,2872,1998,463,25S,0.7,Mar 2023,17.5
NY,3,2023,14906,11966,1632,28S,0.8,Mar 2023,15.6666666666667
OH,3,2023,6926,6056,724,23S,0.87,Mar 2023,13.5333333333333
OK,3,2023,3403,3129,242,19S,0.92,Mar 2023,11.4666666666667
OR,3,2023,4274,3760,350,27S,0.88,Mar 2023,16.6833333333333
PA,3,2023,6795,5458,1023,41S,0.8,Mar 2023,11.9666666666667
RI,3,2023,559,548,9,4S,0.98,Mar 2023,13.0166666666667
SC,3,2023,3090,1770,429,21S,0.57,Mar 2023,14.5
SD,3,2023,625,566,31,13S,0.91,Mar 2023,17.0166666666667
TN,3,2023,3316,2754,506,38S,0.83,Mar 2023,11.5
TX,3,2023,14950,11336,1672,24S,0.76,Mar 2023,14.7333333333333
UT,3,2023,2924,2609,180,14S,0.89,Mar 2023,14.3
VA,3,2023,5692,5223,442,21S,0.92,Mar 2023,12
VT,3,2023,902,665,60,17S,0.74,Mar 2023,15.3333333333333
WA,3,2023,6611,5720,472,21S,0.87,Mar 2023,12.1666666666667
WI,3,2023,5921,4610,693,27S,0.78,Mar 2023,14.8
WV,3,2023,1074,972,64,19S,0.91,Mar 2023,18.5833333333333
WY,3,2023,404,316,64,18S,0.78,Mar 2023,14.8166666666667
AK,3,2024,1456,1051,235,24S,0.72,Mar 2024,14.6166666666667
AL,3,2024,2820,1969,500,32S,0.7,Mar 2024,11.6333333333333
AR,3,2024,1826,1195,200,22S,0.65,Mar 2024,13.25
AZ,3,2024,6381,5658,477,19S,0.89,Mar 2024,13.0666666666667
CA,3,2024,33869,29681,3525,31S,0.88,Mar 2024,11.9833333333333
CO,3,2024,8633,6664,678,23S,0.77,Mar 2024,14.4
CT,3,2024,4694,4245,228,13S,0.9,Mar 2024,10.9666666666667
DC,3,2024,1015,853,103,21S,0.84,Mar 2024,9.98333333333333
DE,3,2024,407,329,42,19S,0.81,Mar 2024,8.66666666666667
FL,3,2024,14432,11508,2012,32S,0.8,Mar 2024,13.8833333333333
GA,3,2024,7480,6217,867,22S,0.83,Mar 2024,12.3166666666667
HI,3,2024,1725,1318,276,24S,0.76,Mar 2024,11.1666666666667
IA,3,2024,2264,1968,267,36S,0.87,Mar 2024,12.1666666666667
ID,3,2024,1278,1115,95,17S,0.87,Mar 2024,17.6333333333333
IL,3,2024,13421,10779,1371,31S,0.8,Mar 2024,19
IN,3,2024,6654,6192,394,17S,0.93,Mar 2024,18.7666666666667
KS,3,2024,2534,2231,236,20S,0.88,Mar 2024,13.1833333333333
KY,3,2024,2891,2486,363,24S,0.86,Mar 2024,13.9166666666667
LA,3,2024,3470,3118,304,20S,0.9,Mar 2024,12.9166666666667
MA,3,2024,6279,5538,652,29S,0.88,Mar 2024,9.78333333333333
MD,3,2024,7197,6546,593,23S,0.91,Mar 2024,13.6166666666667
ME,3,2024,1292,1182,74,15S,0.91,Mar 2024,9.08333333333333
MI,3,2024,8845,7934,764,17S,0.9,Mar 2024,11.0833333333333
MN,3,2024,4979,4450,359,19S,0.89,Mar 2024,14.1333333333333
MO,3,2024,6948,6444,452,14S,0.93,Mar 2024,12.5833333333333
MS,3,2024,1282,1248,32,0S,0.97,Mar 2024,7.16666666666667
MT,3,2024,985,950,30,7S,0.96,Mar 2024,12.4666666666667
NC,3,2024,6825,5605,805,22S,0.82,Mar 2024,12.3833333333333
ND,3,2024,725,633,27,9S,0.87,Mar 2024,8.4
NE,3,2024,1859,1651,126,20S,0.89,Mar 2024,16.2333333333333
NH,3,2024,1247,906,110,23S,0.73,Mar 2024,13.1666666666667
NJ,3,2024,7628,6044,908,28S,0.79,Mar 2024,13.4166666666667
NM,3,2024,2532,2252,212,16S,0.89,Mar 2024,15.35
NV,3,2024,3828,2561,479,22S,0.67,Mar 2024,15.3666666666667
NY,3,2024,30704,27400,2832,36S,0.89,Mar 2024,15.9
OH,3,2024,8877,7855,953,24S,0.88,Mar 2024,12.6166666666667
OK,3,2024,5341,4762,443,22S,0.89,Mar 2024,11.3666666666667
OR,3,2024,4822,3670,503,28S,0.76,Mar 2024,17.3
PA,3,2024,8441,7575,691,21S,0.9,Mar 2024,12.2333333333333
RI,3,2024,1045,1021,14,1S,0.98,Mar 2024,10.8166666666667
SC,3,2024,3556,2911,395,31S,0.82,Mar 2024,15.85
SD,3,2024,765,657,61,12S,0.86,Mar 2024,13.25
TN,3,2024,4184,3671,476,25S,0.88,Mar 2024,12.15
TX,3,2024,16653,14307,2040,31S,0.86,Mar 2024,15.1833333333333
UT,3,2024,3438,3197,174,13S,0.93,Mar 2024,16.6166666666667
VA,3,2024,9284,7383,1271,47S,0.8,Mar 2024,14.0166666666667
VT,3,2024,1074,775,204,18S,0.72,Mar 2024,15.1
WA,3,2024,8196,7353,619,22S,0.9,Mar 2024,13.25
WI,3,2024,7021,5346,593,24S,0.76,Mar 2024,14.4
WV,3,2024,1693,1536,83,16S,0.91,Mar 2024,16.4166666666667
WY,3,2024,499,450,32,15S,0.9,Mar 2024,15.9166666666667
AK,5,2022,578,345,169,34S,0.6,May 2022,13.9
AL,5,2022,2393,1402,752,1M 4S,0.59,May 2022,11.3166666666667
AR,5,2022,1395,1046,301,27S,0.75,May 2022,12.5166666666667
AZ,5,2022,3339,3073,204,16S,0.92,May 2022,9.85
CA,5,2022,25121,21573,3484,41S,0.86,May 2022,12.3
CO,5,2022,4426,2273,1189,37S,0.51,May 2022,13.8666666666667
CT,5,2022,2526,2288,198,36S,0.91,May 2022,9.86666666666667
DC,5,2022,658,600,44,17S,0.91,May 2022,9.16666666666667
DE,5,2022,385,269,68,23S,0.7,May 2022,8.75
FL,5,2022,10430,6247,2414,31S,0.6,May 2022,10.45
GA,5,2022,5616,3989,1280,26S,0.71,May 2022,13.95
HI,5,2022,1140,843,214,31S,0.74,May 2022,7.38333333333333
IA,5,2022,1478,1017,386,47S,0.69,May 2022,11.1833333333333
ID,5,2022,1132,978,124,31S,0.86,May 2022,15
IL,5,2022,7888,1520,2051,26S,0.19,May 2022,14.7833333333333
IN,5,2022,3533,2690,346,20S,0.76,May 2022,15.05
KS,5,2022,1767,1241,281,30S,0.7,May 2022,16.6166666666667
KY,5,2022,2068,1500,394,33S,0.73,May 2022,14.7833333333333
LA,5,2022,2531,1638,507,29S,0.65,May 2022,14.75
MA,5,2022,4556,2981,1344,59S,0.65,May 2022,8.96666666666667
MD,5,2022,3393,2766,625,39S,0.82,May 2022,13.6166666666667
ME,5,2022,470,319,151,44S,0.68,May 2022,11.1
MI,5,2022,5990,3962,1418,55S,0.66,May 2022,13.0833333333333
MN,5,2022,3028,2498,487,52S,0.82,May 2022,13.4833333333333
MO,5,2022,3059,2549,470,36S,0.83,May 2022,14.5166666666667
MS,5,2022,1100,974,114,22S,0.89,May 2022,7.71666666666667
MT,5,2022,613,587,25,12S,0.96,May 2022,11.3833333333333
NC,5,2022,5229,5133,93,7S,0.98,May 2022,6.9
ND,5,2022,387,350,29,16S,0.9,May 2022,11.2166666666667
NE,5,2022,1070,886,155,32S,0.83,May 2022,12.4666666666667
NH,5,2022,697,536,79,16S,0.77,May 2022,10.1166666666667
NJ,5,2022,4429,3328,812,40S,0.75,May 2022,13.8
NM,5,2022,1861,1485,334,56S,0.8,May 2022,13.8666666666667
NV,5,2022,1856,1211,469,46S,0.65,May 2022,15.4166666666667
NY,5,2022,13440,9508,2253,33S,0.71,May 2022,15.8
OH,5,2022,6285,4309,839,20S,0.69,May 2022,11.1166666666667
OK,5,2022,1975,1201,495,42S,0.61,May 2022,15.1333333333333
OR,5,2022,3775,2863,638,36S,0.76,May 2022,18.2166666666667
PA,5,2022,5380,4461,793,36S,0.83,May 2022,12.3166666666667
RI,5,2022,349,345,4,7S,0.99,May 2022,10.25
SC,5,2022,2980,2221,598,28S,0.75,May 2022,14.6833333333333
SD,5,2022,310,254,51,25S,0.82,May 2022,19.1666666666667
TN,5,2022,3374,2767,578,29S,0.82,May 2022,10.05
TX,5,2022,14005,6802,2810,26S,0.49,May 2022,13.6166666666667
UT,5,2022,2383,1983,246,22S,0.83,May 2022,14.9333333333333
VA,5,2022,4671,3951,708,47S,0.85,May 2022,11.7333333333333
VT,5,2022,421,339,46,20S,0.81,May 2022,17.2666666666667
WA,5,2022,4801,3019,1226,33S,0.63,May 2022,11.8333333333333
WI,5,2022,4786,3868,753,26S,0.81,May 2022,16.9333333333333
WV,5,2022,959,860,96,23S,0.9,May 2022,16.4333333333333
WY,5,2022,293,196,46,13S,0.67,May 2022,15
AK,5,2023,1208,824,166,19S,0.68,May 2023,14.7
AL,5,2023,2407,1361,440,19S,0.57,May 2023,12.3
AR,5,2023,1592,1071,230,27S,0.67,May 2023,10.8833333333333
AZ,5,2023,5792,5180,488,18S,0.89,May 2023,11.7166666666667
CA,5,2023,30498,27649,2782,30S,0.91,May 2023,11.9666666666667
CO,5,2023,5997,4741,546,18S,0.79,May 2023,14.7166666666667
CT,5,2023,3794,3535,203,15S,0.93,May 2023,9.25
DC,5,2023,828,547,137,44S,0.66,May 2023,10.9833333333333
DE,5,2023,435,321,45,20S,0.74,May 2023,8.53333333333333
FL,5,2023,11497,8525,1977,37S,0.74,May 2023,14.1333333333333
GA,5,2023,6078,5322,583,21S,0.88,May 2023,11.7166666666667
HI,5,2023,1436,1350,50,9S,0.94,May 2023,8.46666666666667
IA,5,2023,1860,1638,206,33S,0.88,May 2023,12.8
ID,5,2023,1178,999,112,23S,0.85,May 2023,13.6166666666667
IL,5,2023,11901,10157,1039,30S,0.85,May 2023,19.9333333333333
IN,5,2023,3805,3629,171,13S,0.95,May 2023,13.6333333333333
KS,5,2023,2087,1917,148,20S,0.92,May 2023,13.75
KY,5,2023,2355,1814,323,25S,0.77,May 2023,14.9166666666667
LA,5,2023,2710,2340,323,30S,0.86,May 2023,14.9166666666667
MA,5,2023,5069,4560,477,31S,0.9,May 2023,10.1
MD,5,2023,4481,4001,460,27S,0.89,May 2023,13.7333333333333
ME,5,2023,628,523,71,25S,0.83,May 2023,10.75
MI,5,2023,7182,6436,580,25S,0.9,May 2023,11.7
MN,5,2023,4353,3743,420,34S,0.86,May 2023,12.5333333333333
MO,5,2023,4959,4637,282,16S,0.94,May 2023,12.75
MS,5,2023,1065,1046,17,2S,0.98,May 2023,8.3
MT,5,2023,740,710,29,10S,0.96,May 2023,13.6666666666667
NC,5,2023,5288,4583,484,19S,0.87,May 2023,10.5166666666667
ND,5,2023,525,481,22,8S,0.92,May 2023,9.6
NE,5,2023,1674,1507,108,20S,0.9,May 2023,15.05
NH,5,2023,1019,917,94,29S,0.9,May 2023,12.9666666666667
NJ,5,2023,4566,3865,506,26S,0.85,May 2023,13.5333333333333
NM,5,2023,2116,1736,156,17S,0.82,May 2023,17.7166666666667
NV,5,2023,3210,2267,422,25S,0.71,May 2023,14.7833333333333
NY,5,2023,16323,14059,1463,27S,0.86,May 2023,14.9333333333333
OH,5,2023,7561,6667,869,27S,0.88,May 2023,13.1333333333333
OK,5,2023,3402,3116,242,18S,0.92,May 2023,11.2166666666667
OR,5,2023,4506,3948,339,26S,0.88,May 2023,16.2333333333333
PA,5,2023,7631,6021,1147,40S,0.79,May 2023,11.8166666666667
RI,5,2023,644,619,11,2S,0.96,May 2023,14.5333333333333
SC,5,2023,3407,2296,362,20S,0.67,May 2023,15.0333333333333
SD,5,2023,797,705,55,14S,0.88,May 2023,15.5333333333333
TN,5,2023,3640,3203,423,30S,0.88,May 2023,11.4166666666667
TX,5,2023,15042,11502,1665,24S,0.76,May 2023,14.4833333333333
UT,5,2023,2765,2512,164,14S,0.91,May 2023,14.9666666666667
VA,5,2023,6017,5553,451,20S,0.92,May 2023,12.55
VT,5,2023,825,638,48,14S,0.77,May 2023,15.6
WA,5,2023,6866,6042,468,23S,0.88,May 2023,11.6166666666667
WI,5,2023,6897,5270,764,28S,0.76,May 2023,13.1166666666667
WV,5,2023,1268,1143,81,16S,0.9,May 2023,18
WY,5,2023,433,379,41,10S,0.88,May 2023,14.2833333333333
AK,5,2024,1513,992,292,33S,0.66,May 2024,16.2833333333333
AL,5,2024,3120,2340,491,32S,0.75,May 2024,9.2
AR,5,2024,2459,1779,230,27S,0.72,May 2024,12.6666666666667
AZ,5,2024,7661,6919,541,19S,0.9,May 2024,13.15
CA,5,2024,37867,31663,4678,33S,0.84,May 2024,12.3
CO,5,2024,10305,7535,952,26S,0.73,May 2024,14.55
CT,5,2024,4961,4507,266,15S,0.91,May 2024,11.35
DC,5,2024,1149,980,103,21S,0.85,May 2024,8.9
DE,5,2024,528,452,43,19S,0.86,May 2024,8.96666666666667
FL,5,2024,15706,12316,2144,32S,0.78,May 2024,14.55
GA,5,2024,9088,7666,1015,23S,0.84,May 2024,11.6833333333333
HI,5,2024,2277,1778,315,26S,0.78,May 2024,9.43333333333333
IA,5,2024,2319,2026,260,32S,0.87,May 2024,11.1
ID,5,2024,1416,1273,89,19S,0.9,May 2024,19.7833333333333
IL,5,2024,15475,10219,1984,33S,0.66,May 2024,17.7833333333333
IN,5,2024,7443,6965,437,17S,0.94,May 2024,17.85
KS,5,2024,2816,2384,303,23S,0.85,May 2024,14.55
KY,5,2024,3298,2781,379,23S,0.84,May 2024,13.3
LA,5,2024,3604,3220,324,20S,0.89,May 2024,12.75
MA,5,2024,6857,5896,760,30S,0.86,May 2024,9.11666666666667
MD,5,2024,7425,6683,676,23S,0.9,May 2024,13.3666666666667
ME,5,2024,1219,1088,90,16S,0.89,May 2024,10.1166666666667
MI,5,2024,9793,8831,800,17S,0.9,May 2024,10.7
MN,5,2024,5539,4694,338,18S,0.85,May 2024,13.2
MO,5,2024,7226,6772,401,14S,0.94,May 2024,12.8333333333333
MS,5,2024,1540,1497,23,1S,0.97,May 2024,6.7
MT,5,2024,1041,1007,28,7S,0.97,May 2024,12.4833333333333
NC,5,2024,8103,6596,977,22S,0.81,May 2024,11.35
ND,5,2024,746,678,30,10S,0.91,May 2024,11.55
NE,5,2024,2300,1997,167,21S,0.87,May 2024,16.2
NH,5,2024,1249,1017,160,30S,0.81,May 2024,14.8833333333333
NJ,5,2024,8385,6141,919,25S,0.73,May 2024,12.9833333333333
NM,5,2024,3223,2860,257,18S,0.89,May 2024,13.9833333333333
NV,5,2024,4346,2800,610,22S,0.64,May 2024,14.7333333333333
NY,5,2024,33855,29121,3918,48S,0.86,May 2024,14.5
OH,5,2024,10484,9413,972,24S,0.9,May 2024,13.7333333333333
OK,5,2024,5625,5014,457,22S,0.89,May 2024,11.3333333333333
OR,5,2024,5449,4279,593,26S,0.79,May 2024,16.1
PA,5,2024,9904,8883,799,22S,0.9,May 2024,11.7666666666667
RI,5,2024,895,869,15,1S,0.97,May 2024,16.4333333333333
SC,5,2024,4164,3226,527,33S,0.77,May 2024,14.0833333333333
SD,5,2024,840,702,59,12S,0.84,May 2024,13.7666666666667
TN,5,2024,4644,4047,566,27S,0.87,May 2024,11.9666666666667
TX,5,2024,18763,15842,2537,34S,0.84,May 2024,14.7
UT,5,2024,3422,3182,168,13S,0.93,May 2024,15.5
VA,5,2024,12014,9999,1436,40S,0.83,May 2024,13.7333333333333
VT,5,2024,1003,858,51,14S,0.86,May 2024,14.4666666666667
WA,5,2024,9065,8208,618,20S,0.91,May 2024,13.1166666666667
WI,5,2024,7063,5261,604,22S,0.74,May 2024,14.2
WV,5,2024,1520,1363,82,15S,0.9,May 2024,17.1166666666667
WY,5,2024,539,479,42,15S,0.89,May 2024,13.9333333333333
AK,11,2021,593,328,204,37S,0.55,Nov 2021,12.9666666666667
AL,11,2021,2139,1411,587,52S,0.66,Nov 2021,12.4333333333333
AR,11,2021,1148,856,236,29S,0.75,Nov 2021,11.4166666666667
AZ,11,2021,2967,2718,175,16S,0.92,Nov 2021,10.15
CA,11,2021,23354,19992,3280,44S,0.86,Nov 2021,12.2666666666667
CO,11,2021,4569,2755,1070,43S,0.6,Nov 2021,15.2666666666667
CT,11,2021,1590,960,383,58S,0.6,Nov 2021,13.3
DC,11,2021,495,450,38,16S,0.91,Nov 2021,6.13333333333333
DE,11,2021,341,258,52,26S,0.76,Nov 2021,11.3166666666667
FL,11,2021,8322,6235,1535,42S,0.75,Nov 2021,11.6333333333333
GA,11,2021,4558,3080,997,25S,0.68,Nov 2021,16.3833333333333
HI,11,2021,934,681,179,27S,0.73,Nov 2021,9.35
IA,11,2021,1435,1006,339,54S,0.7,Nov 2021,11.6833333333333
ID,11,2021,1047,875,70,17S,0.84,Nov 2021,17.4333333333333
IL,11,2021,7234,1374,1513,25S,0.19,Nov 2021,14.0833333333333
IN,11,2021,2819,1993,386,22S,0.71,Nov 2021,13.5166666666667
KS,11,2021,1404,1146,135,17S,0.82,Nov 2021,15.4666666666667
KY,11,2021,2049,1539,355,29S,0.75,Nov 2021,13.25
LA,11,2021,2225,979,627,31S,0.44,Nov 2021,17.0333333333333
MA,11,2021,4401,3386,826,46S,0.77,Nov 2021,8.25
MD,11,2021,3013,2425,578,47S,0.8,Nov 2021,13.9333333333333
ME,11,2021,390,328,61,37S,0.84,Nov 2021,10.9166666666667
MI,11,2021,5280,3434,1131,43S,0.65,Nov 2021,12.1166666666667
MN,11,2021,2755,1312,717,35S,0.48,Nov 2021,15.1
MO,11,2021,2915,2300,521,39S,0.79,Nov 2021,14.1833333333333
MS,11,2021,1000,909,66,18S,0.91,Nov 2021,7.78333333333333
MT,11,2021,631,608,23,12S,0.96,Nov 2021,11.5833333333333
NC,11,2021,4310,3918,319,21S,0.91,Nov 2021,8.13333333333333
ND,11,2021,416,368,31,16S,0.88,Nov 2021,11.1833333333333
NE,11,2021,923,765,122,31S,0.83,Nov 2021,13.25
NH,11,2021,562,442,54,20S,0.79,Nov 2021,11.4666666666667
NJ,11,2021,3600,2802,609,42S,0.78,Nov 2021,14.3
NM,11,2021,1377,953,341,1M 2S,0.69,Nov 2021,17.4166666666667
NV,11,2021,1655,1295,290,40S,0.78,Nov 2021,15.1166666666667
NY,11,2021,11636,7234,2089,33S,0.62,Nov 2021,16.0833333333333
OH,11,2021,5159,3020,666,20S,0.59,Nov 2021,11.1833333333333
OK,11,2021,1692,1212,382,45S,0.72,Nov 2021,14.5166666666667
OR,11,2021,3340,2498,526,36S,0.75,Nov 2021,17.8666666666667
PA,11,2021,4603,3900,618,32S,0.85,Nov 2021,12.7
RI,11,2021,337,334,3,7S,0.99,Nov 2021,7.81666666666667
SC,11,2021,2387,1770,500,27S,0.74,Nov 2021,15.8
SD,11,2021,331,291,33,25S,0.88,Nov 2021,18.15
TN,11,2021,2718,2257,455,24S,0.83,Nov 2021,9.48333333333333
TX,11,2021,12336,4776,2476,24S,0.39,Nov 2021,13.8333333333333
UT,11,2021,2174,1465,403,25S,0.67,Nov 2021,17.25
VA,11,2021,4294,3160,977,1M 2S,0.74,Nov 2021,11.3833333333333
VT,11,2021,335,281,22,21S,0.84,Nov 2021,18.0166666666667
WA,11,2021,4431,3261,812,32S,0.74,Nov 2021,11.3
WI,11,2021,3336,2759,398,22S,0.83,Nov 2021,16.4666666666667
WV,11,2021,758,673,85,26S,0.89,Nov 2021,14.9
WY,11,2021,218,117,33,15S,0.54,Nov 2021,15.7666666666667
AK,11,2022,776,581,86,18S,0.75,Nov 2022,14.3666666666667
AL,11,2022,2380,1478,458,36S,0.62,Nov 2022,13.0666666666667
AR,11,2022,1383,1085,169,21S,0.78,Nov 2022,11.9833333333333
AZ,11,2022,5026,4222,708,18S,0.84,Nov 2022,11.4333333333333
CA,11,2022,24680,21755,2850,35S,0.88,Nov 2022,12.5333333333333
CO,11,2022,4526,3188,531,25S,0.7,Nov 2022,14.95
CT,11,2022,2440,2269,120,14S,0.93,Nov 2022,10.2333333333333
DC,11,2022,785,718,42,10S,0.91,Nov 2022,8.21666666666667
DE,11,2022,365,272,35,19S,0.75,Nov 2022,8.75
FL,11,2022,9673,6093,1753,40S,0.63,Nov 2022,14.5166666666667
GA,11,2022,6051,4992,606,17S,0.82,Nov 2022,11.2166666666667
HI,11,2022,1162,1111,42,10S,0.96,Nov 2022,8.6
IA,11,2022,1728,1597,110,14S,0.92,Nov 2022,9.7
ID,11,2022,1257,931,123,25S,0.74,Nov 2022,14.4333333333333
IL,11,2022,10767,8686,989,31S,0.81,Nov 2022,19.8333333333333
IN,11,2022,3522,3273,205,16S,0.93,Nov 2022,16.4333333333333
KS,11,2022,1603,1418,144,19S,0.88,Nov 2022,15.3833333333333
KY,11,2022,2269,1707,285,27S,0.75,Nov 2022,14.9166666666667
LA,11,2022,2256,1942,292,26S,0.86,Nov 2022,14.5666666666667
MA,11,2022,5401,4753,586,33S,0.88,Nov 2022,10.1166666666667
MD,11,2022,4128,3665,422,31S,0.89,Nov 2022,12.25
ME,11,2022,667,565,55,24S,0.85,Nov 2022,11.2166666666667
MI,11,2022,5991,5143,582,25S,0.86,Nov 2022,11.3333333333333
MN,11,2022,3518,3016,389,34S,0.86,Nov 2022,13.05
MO,11,2022,3844,3463,367,23S,0.9,Nov 2022,14.6166666666667
MS,11,2022,1145,1107,17,2S,0.97,Nov 2022,8.4
MT,11,2022,759,739,19,8S,0.97,Nov 2022,11.0666666666667
NC,11,2022,5295,4129,525,19S,0.78,Nov 2022,10.5
ND,11,2022,425,384,19,11S,0.9,Nov 2022,10.5166666666667
NE,11,2022,1390,1203,121,23S,0.87,Nov 2022,14.9666666666667
NH,11,2022,945,807,137,40S,0.85,Nov 2022,16.8666666666667
NJ,11,2022,4575,3605,558,28S,0.79,Nov 2022,13.2
NM,11,2022,1963,1609,209,27S,0.82,Nov 2022,16.4833333333333
NV,11,2022,2308,1664,309,23S,0.72,Nov 2022,18.3166666666667
NY,11,2022,14634,11487,1661,27S,0.78,Nov 2022,13.5166666666667
OH,11,2022,6495,5928,438,15S,0.91,Nov 2022,12.1833333333333
OK,11,2022,2801,2543,227,22S,0.91,Nov 2022,10.6833333333333
OR,11,2022,3783,3336,258,26S,0.88,Nov 2022,17.6333333333333
PA,11,2022,5470,4473,609,25S,0.82,Nov 2022,11.6833333333333
RI,11,2022,517,491,8,2S,0.95,Nov 2022,14.5666666666667
SC,11,2022,2721,1685,445,21S,0.62,Nov 2022,15.3833333333333
SD,11,2022,513,454,38,13S,0.88,Nov 2022,18.2333333333333
TN,11,2022,3270,2754,480,26S,0.84,Nov 2022,10.5
TX,11,2022,13759,8716,1296,20S,0.63,Nov 2022,13.1833333333333
UT,11,2022,2644,2275,176,15S,0.86,Nov 2022,16.4166666666667
VA,11,2022,5383,4913,448,19S,0.91,Nov 2022,12.7333333333333
VT,11,2022,614,465,47,18S,0.76,Nov 2022,15.1666666666667
WA,11,2022,5593,4903,448,22S,0.88,Nov 2022,12.45
WI,11,2022,5524,4421,498,22S,0.8,Nov 2022,14.15
WV,11,2022,995,847,63,16S,0.85,Nov 2022,19.4666666666667
WY,11,2022,345,279,28,8S,0.81,Nov 2022,14.6166666666667
AK,11,2023,868,571,112,23S,0.66,Nov 2023,16.25
AL,11,2023,2542,1590,436,35S,0.63,Nov 2023,12.7666666666667
AR,11,2023,1687,884,226,21S,0.52,Nov 2023,14.1333333333333
AZ,11,2023,6675,5963,538,20S,0.89,Nov 2023,11.85
CA,11,2023,29060,24994,3761,38S,0.86,Nov 2023,12.5666666666667
CO,11,2023,8130,6966,805,15S,0.86,Nov 2023,14.2666666666667
CT,11,2023,3759,3349,300,15S,0.89,Nov 2023,11.4166666666667
DC,11,2023,842,695,92,21S,0.83,Nov 2023,10.6166666666667
DE,11,2023,374,282,33,22S,0.75,Nov 2023,8.78333333333333
FL,11,2023,11671,9038,1731,32S,0.77,Nov 2023,15.2166666666667
GA,11,2023,5743,4898,668,21S,0.85,Nov 2023,11.7166666666667
HI,11,2023,1668,1232,257,20S,0.74,Nov 2023,9.55
IA,11,2023,2083,1790,274,35S,0.86,Nov 2023,12.8666666666667
ID,11,2023,1261,1035,130,22S,0.82,Nov 2023,17.5666666666667
IL,11,2023,13139,10354,1382,32S,0.79,Nov 2023,22.1166666666667
IN,11,2023,4495,4114,317,19S,0.92,Nov 2023,18.4
KS,11,2023,2022,1793,201,20S,0.89,Nov 2023,13.3833333333333
KY,11,2023,2805,2291,397,22S,0.82,Nov 2023,13.7833333333333
LA,11,2023,2674,2319,342,21S,0.87,Nov 2023,15.2333333333333
MA,11,2023,5803,5139,618,30S,0.89,Nov 2023,9.31666666666667
MD,11,2023,4849,4364,458,26S,0.9,Nov 2023,14.9
ME,11,2023,1341,1246,66,16S,0.93,Nov 2023,7.63333333333333
MI,11,2023,7267,6492,695,17S,0.89,Nov 2023,12.3166666666667
MN,11,2023,3964,3522,352,20S,0.89,Nov 2023,14.3
MO,11,2023,5523,5207,292,15S,0.94,Nov 2023,13.2666666666667
MS,11,2023,1138,1111,23,1S,0.98,Nov 2023,8.18333333333333
MT,11,2023,862,828,31,8S,0.96,Nov 2023,12.2333333333333
NC,11,2023,5916,5078,652,18S,0.86,Nov 2023,12.2333333333333
ND,11,2023,637,561,30,10S,0.88,Nov 2023,10.3166666666667
NE,11,2023,1847,1664,113,20S,0.9,Nov 2023,16.4
NH,11,2023,1042,830,118,25S,0.8,Nov 2023,12.1833333333333
NJ,11,2023,6049,4702,835,28S,0.78,Nov 2023,14.25
NM,11,2023,2552,2171,243,18S,0.85,Nov 2023,12.8333333333333
NV,11,2023,3303,2445,392,22S,0.74,Nov 2023,16.0333333333333
NY,11,2023,28682,25515,2512,33S,0.89,Nov 2023,15.4
OH,11,2023,7071,6388,656,24S,0.9,Nov 2023,13.7833333333333
OK,11,2023,4391,3983,361,20S,0.91,Nov 2023,11.3166666666667
OR,11,2023,4577,3495,526,29S,0.76,Nov 2023,15.7666666666667
PA,11,2023,7259,6450,700,22S,0.89,Nov 2023,12.5
RI,11,2023,591,571,10,1S,0.97,Nov 2023,13.7166666666667
SC,11,2023,3050,2215,393,29S,0.73,Nov 2023,17.05
SD,11,2023,840,721,55,12S,0.86,Nov 2023,15.05
TN,11,2023,3909,3417,477,24S,0.87,Nov 2023,12.2333333333333
TX,11,2023,14837,12654,1902,31S,0.85,Nov 2023,14.1
UT,11,2023,2823,2551,154,13S,0.9,Nov 2023,15.5333333333333
VA,11,2023,6236,5601,610,25S,0.9,Nov 2023,12.2
VT,11,2023,813,708,46,13S,0.87,Nov 2023,18.4666666666667
WA,11,2023,6377,5678,498,21S,0.89,Nov 2023,12.4666666666667
WI,11,2023,6588,4900,698,28S,0.74,Nov 2023,16.1833333333333
WV,11,2023,1271,1136,91,16S,0.89,Nov 2023,19.4833333333333
WY,11,2023,492,468,12,7S,0.95,Nov 2023,15.6333333333333
AK,10,2021,618,306,211,27S,0.5,Oct 2021,13.2333333333333
AL,10,2021,2520,1649,701,50S,0.65,Oct 2021,10.7
AR,10,2021,1416,1049,293,32S,0.74,Oct 2021,12
AZ,10,2021,3942,3580,254,17S,0.91,Oct 2021,8.66666666666667
CA,10,2021,24524,20808,3544,45S,0.85,Oct 2021,12.0666666666667
CO,10,2021,4584,2642,1166,49S,0.58,Oct 2021,15.1833333333333
CT,10,2021,1762,981,507,1M 2S,0.56,Oct 2021,13.4
DC,10,2021,598,562,24,16S,0.94,Oct 2021,7.1
DE,10,2021,407,303,72,25S,0.74,Oct 2021,9.56666666666667
FL,10,2021,9308,6963,1828,42S,0.75,Oct 2021,11.7333333333333
GA,10,2021,5053,2824,1497,29S,0.56,Oct 2021,17.9833333333333
HI,10,2021,956,687,159,19S,0.72,Oct 2021,8.93333333333333
IA,10,2021,1342,962,303,54S,0.72,Oct 2021,11.2166666666667
ID,10,2021,1121,919,104,16S,0.82,Oct 2021,16.1666666666667
IL,10,2021,7863,1398,1789,26S,0.18,Oct 2021,14.9
IN,10,2021,3173,2318,460,22S,0.73,Oct 2021,13.3666666666667
KS,10,2021,1566,1254,164,18S,0.8,Oct 2021,14.5333333333333
KY,10,2021,2132,1561,390,28S,0.73,Oct 2021,15.7666666666667
LA,10,2021,2296,762,556,32S,0.33,Oct 2021,15.5333333333333
MA,10,2021,3923,2751,924,55S,0.7,Oct 2021,9.08333333333333
MD,10,2021,3440,2784,639,57S,0.81,Oct 2021,13.25
ME,10,2021,444,371,71,40S,0.84,Oct 2021,10.1666666666667
MI,10,2021,5741,3664,1292,44S,0.64,Oct 2021,11.9666666666667
MN,10,2021,2991,1520,772,36S,0.51,Oct 2021,15.1
MO,10,2021,3112,2402,593,43S,0.77,Oct 2021,14.2833333333333
MS,10,2021,1199,1066,109,17S,0.89,Oct 2021,8.5
MT,10,2021,598,572,26,12S,0.96,Oct 2021,11.0166666666667
NC,10,2021,5115,4443,465,22S,0.87,Oct 2021,7.51666666666667
ND,10,2021,358,317,25,16S,0.89,Oct 2021,14.3
NE,10,2021,1086,773,211,35S,0.71,Oct 2021,12.5333333333333
NH,10,2021,673,522,68,24S,0.78,Oct 2021,10.3666666666667
NJ,10,2021,4179,3273,697,44S,0.78,Oct 2021,13.5333333333333
NM,10,2021,1482,1048,369,59S,0.71,Oct 2021,17.5166666666667
NV,10,2021,1867,1355,407,46S,0.73,Oct 2021,14.1
NY,10,2021,12908,7987,2471,32S,0.62,Oct 2021,15.3166666666667
OH,10,2021,5353,3109,708,19S,0.58,Oct 2021,12.2666666666667
OK,10,2021,1805,1270,399,45S,0.7,Oct 2021,16.4166666666667
OR,10,2021,3599,2562,706,39S,0.71,Oct 2021,17.2833333333333
PA,10,2021,5122,4384,627,31S,0.86,Oct 2021,12.4666666666667
RI,10,2021,358,350,8,7S,0.98,Oct 2021,8.11666666666667
SC,10,2021,2553,2106,304,19S,0.82,Oct 2021,13.6666666666667
SD,10,2021,326,269,50,29S,0.83,Oct 2021,19.9333333333333
TN,10,2021,3033,2328,596,26S,0.77,Oct 2021,8.91666666666667
TX,10,2021,14023,4804,2920,24S,0.34,Oct 2021,13.5166666666667
UT,10,2021,2367,1546,414,27S,0.65,Oct 2021,17.2666666666667
VA,10,2021,4930,3621,1140,1M 9S,0.73,Oct 2021,11.2166666666667
VT,10,2021,372,319,30,19S,0.86,Oct 2021,15.75
WA,10,2021,4563,3405,812,32S,0.75,Oct 2021,10.7833333333333
WI,10,2021,3610,3226,328,23S,0.89,Oct 2021,16.6333333333333
WV,10,2021,1020,894,109,27S,0.88,Oct 2021,13.5666666666667
WY,10,2021,248,110,49,14S,0.44,Oct 2021,11.75
AK,10,2022,848,543,119,18S,0.64,Oct 2022,15.2333333333333
AL,10,2022,2329,1486,447,40S,0.64,Oct 2022,14.15
AR,10,2022,1324,893,196,24S,0.67,Oct 2022,11.1666666666667
AZ,10,2022,4881,4086,714,21S,0.84,Oct 2022,13.1333333333333
CA,10,2022,26894,23591,3118,35S,0.88,Oct 2022,12.4
CO,10,2022,4592,3168,534,24S,0.69,Oct 2022,15.0333333333333
CT,10,2022,2238,2038,132,15S,0.91,Oct 2022,11.3666666666667
DC,10,2022,680,624,38,10S,0.92,Oct 2022,9.18333333333333
DE,10,2022,403,286,44,20S,0.71,Oct 2022,8.25
FL,10,2022,10062,5243,1939,45S,0.52,Oct 2022,13.5833333333333
GA,10,2022,6673,5386,604,17S,0.81,Oct 2022,11.5833333333333
HI,10,2022,1369,1156,114,16S,0.84,Oct 2022,8.61666666666667
IA,10,2022,1776,1611,142,16S,0.91,Oct 2022,10.4833333333333
ID,10,2022,1206,852,202,25S,0.71,Oct 2022,13.2166666666667
IL,10,2022,10967,8737,980,29S,0.8,Oct 2022,19.35
IN,10,2022,3262,2786,193,15S,0.85,Oct 2022,15.8333333333333
KS,10,2022,1697,1495,175,19S,0.88,Oct 2022,15.15
KY,10,2022,2257,1696,289,26S,0.75,Oct 2022,14.6833333333333
LA,10,2022,2475,2105,352,29S,0.85,Oct 2022,13.7
MA,10,2022,5861,4686,1078,34S,0.8,Oct 2022,10.6666666666667
MD,10,2022,3731,3310,410,31S,0.89,Oct 2022,13.9
ME,10,2022,632,527,75,31S,0.83,Oct 2022,10.5833333333333
MI,10,2022,5888,4593,649,28S,0.78,Oct 2022,11.0333333333333
MN,10,2022,3424,2958,373,34S,0.86,Oct 2022,14.3
MO,10,2022,4213,3690,439,27S,0.88,Oct 2022,14.0666666666667
MS,10,2022,1287,1204,74,11S,0.94,Oct 2022,7.66666666666667
MT,10,2022,743,704,38,13S,0.95,Oct 2022,12.9333333333333
NC,10,2022,5393,4162,547,19S,0.77,Oct 2022,11.2333333333333
ND,10,2022,427,383,15,9S,0.9,Oct 2022,11.3833333333333
NE,10,2022,1827,1577,158,35S,0.86,Oct 2022,11
NH,10,2022,970,838,132,32S,0.86,Oct 2022,18.4333333333333
NJ,10,2022,4817,3755,605,27S,0.78,Oct 2022,13.6666666666667
NM,10,2022,1845,1434,267,30S,0.78,Oct 2022,17.0333333333333
NV,10,2022,2480,1713,340,24S,0.69,Oct 2022,18.85
NY,10,2022,15298,11371,1653,25S,0.74,Oct 2022,14.1166666666667
OH,10,2022,6433,5653,507,16S,0.88,Oct 2022,12.5
OK,10,2022,2707,2472,191,20S,0.91,Oct 2022,11.8333333333333
OR,10,2022,4110,3528,286,26S,0.86,Oct 2022,17.5333333333333
PA,10,2022,5852,4813,700,27S,0.82,Oct 2022,12.0833333333333
RI,10,2022,448,436,2,2S,0.97,Oct 2022,15.4833333333333
SC,10,2022,2969,1934,379,21S,0.65,Oct 2022,14.9833333333333
SD,10,2022,461,416,32,13S,0.9,Oct 2022,16.9833333333333
TN,10,2022,3371,2597,713,30S,0.77,Oct 2022,10.5
TX,10,2022,14325,8485,1402,21S,0.59,Oct 2022,12.8666666666667
UT,10,2022,3293,2426,668,15S,0.74,Oct 2022,15.9666666666667
VA,10,2022,5791,5310,461,20S,0.92,Oct 2022,12.8
VT,10,2022,720,605,43,16S,0.84,Oct 2022,15.3833333333333
WA,10,2022,5935,5255,415,22S,0.89,Oct 2022,12.5166666666667
WI,10,2022,6150,4852,539,21S,0.79,Oct 2022,13.8833333333333
WV,10,2022,960,845,47,16S,0.88,Oct 2022,19.1166666666667
WY,10,2022,431,355,46,8S,0.82,Oct 2022,11.4333333333333
AK,10,2023,1093,700,136,23S,0.64,Oct 2023,16.7
AL,10,2023,2749,1960,466,32S,0.71,Oct 2023,12.1833333333333
AR,10,2023,1767,1036,377,23S,0.59,Oct 2023,14.2333333333333
AZ,10,2023,7365,6528,701,19S,0.89,Oct 2023,11.7166666666667
CA,10,2023,30957,26969,3717,35S,0.87,Oct 2023,12.8666666666667
CO,10,2023,8297,7152,766,14S,0.86,Oct 2023,14.5666666666667
CT,10,2023,3715,3288,321,15S,0.89,Oct 2023,11.8
DC,10,2023,957,682,144,25S,0.71,Oct 2023,11.7666666666667
DE,10,2023,412,297,45,20S,0.72,Oct 2023,9.51666666666667
FL,10,2023,12085,9287,1875,35S,0.77,Oct 2023,15.6833333333333
GA,10,2023,6560,5638,759,21S,0.86,Oct 2023,11.6833333333333
HI,10,2023,1947,1656,228,15S,0.85,Oct 2023,7.38333333333333
IA,10,2023,2118,1780,294,38S,0.84,Oct 2023,13.2666666666667
ID,10,2023,1291,1095,103,21S,0.85,Oct 2023,16.05
IL,10,2023,13203,10451,1428,31S,0.79,Oct 2023,21.6666666666667
IN,10,2023,4745,4339,357,19S,0.91,Oct 2023,19.1333333333333
KS,10,2023,2148,1931,188,22S,0.9,Oct 2023,15
KY,10,2023,2891,2355,410,20S,0.81,Oct 2023,12.2833333333333
LA,10,2023,2833,2461,339,24S,0.87,Oct 2023,14.9666666666667
MA,10,2023,6746,5956,727,32S,0.88,Oct 2023,10.1
MD,10,2023,5273,4511,684,32S,0.86,Oct 2023,15.1166666666667
ME,10,2023,941,811,89,21S,0.86,Oct 2023,11.1666666666667
MI,10,2023,8252,7301,809,19S,0.88,Oct 2023,11.9333333333333
MN,10,2023,4298,3863,328,21S,0.9,Oct 2023,14.35
MO,10,2023,5311,4972,316,14S,0.94,Oct 2023,13.7166666666667
MS,10,2023,1162,1125,31,1S,0.97,Oct 2023,7.7
MT,10,2023,842,812,26,9S,0.96,Oct 2023,13.6166666666667
NC,10,2023,6755,5872,704,17S,0.87,Oct 2023,13.2833333333333
ND,10,2023,618,562,31,9S,0.91,Oct 2023,8.95
NE,10,2023,1793,1583,146,20S,0.88,Oct 2023,16.7333333333333
NH,10,2023,1126,901,151,26S,0.8,Oct 2023,12.1666666666667
NJ,10,2023,6241,4962,838,28S,0.8,Oct 2023,13.8666666666667
NM,10,2023,2632,2267,247,19S,0.86,Oct 2023,14.5333333333333
NV,10,2023,3696,2669,443,23S,0.72,Oct 2023,16.5333333333333
NY,10,2023,30798,26572,2850,30S,0.86,Oct 2023,16.3
OH,10,2023,7429,6640,746,28S,0.89,Oct 2023,14.1666666666667
OK,10,2023,4818,4357,395,19S,0.9,Oct 2023,12.15
OR,10,2023,4738,3686,498,29S,0.78,Oct 2023,16.3
PA,10,2023,7561,6696,639,21S,0.89,Oct 2023,12.65
RI,10,2023,705,695,4,1S,0.99,Oct 2023,13.4
SC,10,2023,3314,2409,420,30S,0.73,Oct 2023,15.9166666666667
SD,10,2023,850,724,74,14S,0.85,Oct 2023,17.45
TN,10,2023,3955,3477,452,26S,0.88,Oct 2023,11.5666666666667
TX,10,2023,16008,13833,1979,30S,0.86,Oct 2023,14.5833333333333
UT,10,2023,2934,2687,158,14S,0.92,Oct 2023,15.4666666666667
VA,10,2023,6428,5853,554,22S,0.91,Oct 2023,12.8666666666667
VT,10,2023,723,647,41,12S,0.89,Oct 2023,16.6166666666667
WA,10,2023,6993,6364,526,23S,0.91,Oct 2023,11.85
WI,10,2023,7179,5420,628,25S,0.75,Oct 2023,15.4166666666667
WV,10,2023,1505,1364,74,15S,0.91,Oct 2023,16.9666666666667
WY,10,2023,464,446,11,7S,0.96,Oct 2023,14.6166666666667
AK,9,2021,644,436,154,30S,0.68,Sep 2021,14.6333333333333
AL,9,2021,2363,1492,698,54S,0.63,Sep 2021,11.55
AR,9,2021,1335,951,328,39S,0.71,Sep 2021,11.55
AZ,9,2021,3688,3367,254,17S,0.91,Sep 2021,9.31666666666667
CA,9,2021,24288,20565,3549,41S,0.85,Sep 2021,12.9
CO,9,2021,4095,2398,1060,59S,0.59,Sep 2021,15.5333333333333
CT,9,2021,1617,951,433,1M 1S,0.59,Sep 2021,13.0333333333333
DC,9,2021,583,532,34,17S,0.91,Sep 2021,7.7
DE,9,2021,401,282,85,26S,0.7,Sep 2021,9.76666666666667
FL,9,2021,8691,6741,1636,42S,0.78,Sep 2021,11.6666666666667
GA,9,2021,4731,2955,1255,27S,0.62,Sep 2021,16.3333333333333
HI,9,2021,860,754,67,15S,0.88,Sep 2021,10.4
IA,9,2021,1418,942,381,57S,0.66,Sep 2021,12.1833333333333
ID,9,2021,1035,827,104,17S,0.8,Sep 2021,16.4
IL,9,2021,7461,1180,2176,32S,0.16,Sep 2021,14.45
IN,9,2021,3048,2015,718,19S,0.66,Sep 2021,14.4333333333333
KS,9,2021,1626,1286,174,18S,0.79,Sep 2021,15.4666666666667
KY,9,2021,1921,1534,267,23S,0.8,Sep 2021,14.2333333333333
LA,9,2021,2303,83,668,50S,0.04,Sep 2021,17.9166666666667
MA,9,2021,4152,2633,1152,1M 8S,0.63,Sep 2021,9.58333333333333
MD,9,2021,3122,2577,540,51S,0.83,Sep 2021,13.75
ME,9,2021,442,362,80,43S,0.82,Sep 2021,9.98333333333333
MI,9,2021,5457,3433,1308,45S,0.63,Sep 2021,11.5166666666667
MN,9,2021,2730,1332,729,39S,0.49,Sep 2021,16.35
MO,9,2021,2986,2194,681,50S,0.73,Sep 2021,15
MS,9,2021,1136,1019,90,18S,0.9,Sep 2021,8.31666666666667
MT,9,2021,530,464,59,30S,0.88,Sep 2021,11.8833333333333
NC,9,2021,4880,3003,788,21S,0.62,Sep 2021,6.68333333333333
ND,9,2021,329,281,26,30S,0.85,Sep 2021,12.35
NE,9,2021,1132,781,244,35S,0.69,Sep 2021,12.0166666666667
NH,9,2021,584,429,71,21S,0.73,Sep 2021,10.5333333333333
NJ,9,2021,3875,2972,716,42S,0.77,Sep 2021,13.0166666666667
NM,9,2021,1647,1256,322,1M 1S,0.76,Sep 2021,16.85
NV,9,2021,1737,1091,486,49S,0.63,Sep 2021,13.6833333333333
NY,9,2021,11843,7517,2220,34S,0.63,Sep 2021,15.8666666666667
OH,9,2021,5182,3330,680,19S,0.64,Sep 2021,10.8
OK,9,2021,1876,1350,433,47S,0.72,Sep 2021,14.0666666666667
OR,9,2021,3296,2390,641,38S,0.73,Sep 2021,17.8166666666667
PA,9,2021,5082,4248,711,32S,0.84,Sep 2021,12.0333333333333
RI,9,2021,377,368,8,7S,0.98,Sep 2021,8.7
SC,9,2021,2586,1738,516,31S,0.67,Sep 2021,14.4833333333333
SD,9,2021,337,287,43,29S,0.85,Sep 2021,17.0666666666667
TN,9,2021,2928,2196,579,29S,0.75,Sep 2021,9.23333333333333
TX,9,2021,14206,5301,3456,26S,0.37,Sep 2021,12.9833333333333
UT,9,2021,2245,1350,446,30S,0.6,Sep 2021,17.85
VA,9,2021,4590,3214,1138,1M 10S,0.7,Sep 2021,11.4666666666667
VT,9,2021,289,244,27,22S,0.84,Sep 2021,14.2333333333333
WA,9,2021,4151,3065,783,33S,0.74,Sep 2021,10.7333333333333
WI,9,2021,3501,3256,225,22S,0.93,Sep 2021,14.6333333333333
WV,9,2021,975,866,103,33S,0.89,Sep 2021,12.4666666666667
WY,9,2021,232,103,47,15S,0.44,Sep 2021,12.9666666666667
AK,9,2022,689,499,88,26S,0.74,Sep 2022,12.5166666666667
AL,9,2022,2677,1831,464,43S,0.72,Sep 2022,12.0666666666667
AR,9,2022,1457,1019,205,26S,0.72,Sep 2022,10.5833333333333
AZ,9,2022,5050,4168,319,20S,0.91,Sep 2022,13.4666666666667
CA,9,2022,29582,24960,3088,40S,0.87,Sep 2022,11.45
CO,9,2022,4749,3628,367,19S,0.79,Sep 2022,13.3833333333333
CT,9,2022,2353,2143,121,21S,0.92,Sep 2022,11.3833333333333
DC,9,2022,824,743,24,14S,0.92,Sep 2022,9.2
DE,9,2022,367,274,27,22S,0.79,Sep 2022,6.9
FL,9,2022,11348,5936,1788,43S,0.55,Sep 2022,12.1333333333333
GA,9,2022,6830,5548,574,17S,0.85,Sep 2022,12.0666666666667
HI,9,2022,1742,1177,126,22S,0.72,Sep 2022,5.66666666666667
IA,9,2022,1776,1602,66,20S,0.94,Sep 2022,9.86666666666667
ID,9,2022,1175,928,113,27S,0.82,Sep 2022,12.8
IL,9,2022,12272,9765,1018,29S,0.82,Sep 2022,16.6833333333333
IN,9,2022,3570,2992,193,18S,0.86,Sep 2022,12.35
KS,9,2022,1963,1686,157,23S,0.89,Sep 2022,14.5333333333333
KY,9,2022,2445,1891,202,25S,0.8,Sep 2022,11.85
LA,9,2022,2591,2060,322,29S,0.85,Sep 2022,13.9833333333333
MA,9,2022,4995,3885,771,34S,0.8,Sep 2022,10.9833333333333
MD,9,2022,4056,3469,436,31S,0.88,Sep 2022,13.0666666666667
ME,9,2022,936,752,101,23S,0.84,Sep 2022,9.06666666666667
MI,9,2022,6832,5246,710,27S,0.8,Sep 2022,11.0833333333333
MN,9,2022,3574,3078,264,34S,0.9,Sep 2022,13.5666666666667
MO,9,2022,4359,3876,292,31S,0.91,Sep 2022,13.3333333333333
MS,9,2022,1442,1223,93,17S,0.91,Sep 2022,6.81666666666667
MT,9,2022,702,674,15,13S,0.98,Sep 2022,13.2
NC,9,2022,5601,4494,457,21S,0.83,Sep 2022,9.71666666666667
ND,9,2022,394,358,6,14S,0.93,Sep 2022,10.5666666666667
NE,9,2022,1493,1285,101,24S,0.88,Sep 2022,14.35
NH,9,2022,1035,851,127,34S,0.86,Sep 2022,17.8333333333333
NJ,9,2022,4993,3912,442,28S,0.81,Sep 2022,12.3833333333333
NM,9,2022,2505,2043,247,28S,0.85,Sep 2022,15.2666666666667
NV,9,2022,2445,1731,227,25S,0.75,Sep 2022,16.2666666666667
NY,9,2022,16535,12541,1505,25S,0.78,Sep 2022,12.6
OH,9,2022,6855,5683,442,18S,0.85,Sep 2022,11.3666666666667
OK,9,2022,2996,2697,156,23S,0.93,Sep 2022,10.9833333333333
OR,9,2022,4206,3593,323,28S,0.87,Sep 2022,16.4
PA,9,2022,6281,5283,518,28S,0.86,Sep 2022,11.9833333333333
RI,9,2022,482,473,3,5S,0.99,Sep 2022,9.48333333333333
SC,9,2022,3742,2488,410,22S,0.69,Sep 2022,11.6333333333333
SD,9,2022,532,479,21,16S,0.93,Sep 2022,16.85
TN,9,2022,3866,3108,353,25S,0.88,Sep 2022,9.28333333333333
TX,9,2022,15276,8578,1195,23S,0.58,Sep 2022,12.6666666666667
UT,9,2022,2826,2265,168,17S,0.83,Sep 2022,15
VA,9,2022,6679,5804,541,24S,0.91,Sep 2022,11.4
VT,9,2022,562,471,18,16S,0.89,Sep 2022,13.8166666666667
WA,9,2022,6246,5383,402,23S,0.89,Sep 2022,12.25
WI,9,2022,6076,4554,463,24S,0.77,Sep 2022,14.4666666666667
WV,9,2022,935,791,72,20S,0.88,Sep 2022,17.8333333333333
WY,9,2022,444,386,34,13S,0.88,Sep 2022,9.58333333333333
AK,9,2023,1150,720,114,23S,0.63,Sep 2023,13.7166666666667
AL,9,2023,2697,1858,435,31S,0.69,Sep 2023,12.3666666666667
AR,9,2023,1537,1051,259,24S,0.68,Sep 2023,14.1333333333333
AZ,9,2023,7472,6652,672,19S,0.89,Sep 2023,11.0666666666667
CA,9,2023,31017,27404,3377,31S,0.88,Sep 2023,12.8166666666667
CO,9,2023,7762,6721,730,13S,0.87,Sep 2023,14.7
CT,9,2023,3761,3314,325,15S,0.88,Sep 2023,10.5166666666667
DC,9,2023,989,684,155,31S,0.69,Sep 2023,9.46666666666667
DE,9,2023,450,342,34,20S,0.76,Sep 2023,9.48333333333333
FL,9,2023,12090,8905,2001,36S,0.74,Sep 2023,15.7
GA,9,2023,6713,5766,808,22S,0.86,Sep 2023,11.0833333333333
HI,9,2023,2061,1860,179,13S,0.9,Sep 2023,6.48333333333333
IA,9,2023,2038,1707,294,36S,0.84,Sep 2023,14.05
ID,9,2023,1277,1064,111,24S,0.83,Sep 2023,16.25
IL,9,2023,13057,10365,1437,30S,0.79,Sep 2023,20.65
IN,9,2023,4333,3845,382,21S,0.89,Sep 2023,18.05
KS,9,2023,1953,1720,204,22S,0.88,Sep 2023,13.9833333333333
KY,9,2023,2461,1965,334,18S,0.8,Sep 2023,14.8333333333333
LA,9,2023,2838,2460,347,26S,0.87,Sep 2023,15.1333333333333
MA,9,2023,6281,5369,826,32S,0.85,Sep 2023,9.63333333333333
MD,9,2023,5361,4661,655,28S,0.87,Sep 2023,14.7666666666667
ME,9,2023,835,711,85,22S,0.85,Sep 2023,9.98333333333333
MI,9,2023,8052,6980,883,21S,0.87,Sep 2023,11.5
MN,9,2023,4057,3614,329,20S,0.89,Sep 2023,14
MO,9,2023,5425,5059,325,14S,0.93,Sep 2023,13.0333333333333
MS,9,2023,1262,1223,34,1S,0.97,Sep 2023,8.25
MT,9,2023,770,739,30,8S,0.96,Sep 2023,13.3666666666667
NC,9,2023,6373,5445,705,17S,0.85,Sep 2023,13.3666666666667
ND,9,2023,593,511,30,10S,0.86,Sep 2023,9.61666666666667
NE,9,2023,1754,1531,111,20S,0.87,Sep 2023,17.7
NH,9,2023,1018,863,79,24S,0.85,Sep 2023,12.85
NJ,9,2023,5907,4734,784,28S,0.8,Sep 2023,13.9666666666667
NM,9,2023,2661,2374,188,15S,0.89,Sep 2023,14.3833333333333
NV,9,2023,3360,2268,434,25S,0.68,Sep 2023,19.4333333333333
NY,9,2023,28557,24638,2433,26S,0.86,Sep 2023,16.65
OH,9,2023,7105,6265,805,27S,0.88,Sep 2023,14.0833333333333
OK,9,2023,4453,4024,363,20S,0.9,Sep 2023,11.7
OR,9,2023,4829,4164,417,27S,0.86,Sep 2023,14.6333333333333
PA,9,2023,7482,6413,858,24S,0.86,Sep 2023,12.35
RI,9,2023,672,662,6,1S,0.99,Sep 2023,13.65
SC,9,2023,3564,2568,412,32S,0.72,Sep 2023,15.7833333333333
SD,9,2023,913,751,78,13S,0.82,Sep 2023,15.6833333333333
TN,9,2023,3785,3316,450,24S,0.88,Sep 2023,11.3166666666667
TX,9,2023,15034,12911,1875,29S,0.86,Sep 2023,15.4666666666667
UT,9,2023,2861,2542,186,14S,0.89,Sep 2023,15.0666666666667
VA,9,2023,5941,5343,574,25S,0.9,Sep 2023,12.1
VT,9,2023,743,593,53,15S,0.8,Sep 2023,18.8166666666667
WA,9,2023,6894,6199,518,22S,0.9,Sep 2023,11.65
WI,9,2023,6899,5143,689,25S,0.75,Sep 2023,15.3
WV,9,2023,1348,1204,93,16S,0.89,Sep 2023,18.4833333333333
WY,9,2023,507,478,13,6S,0.94,Sep 2023,17
